文件名,文件路径,策略类型,真策略,可执行,ML依赖,文件依赖,时间框架,市场类型,账户类型,ML库,代码行数,扫描状态,错误信息
01 7年40倍模拟超过两年年化高回撤低.txt,/Users/yuping/Downloads/git/jk2bt-main/jkcode/jkcode/01 7年40倍模拟超过两年年化高回撤低.txt,期货/股指策略,是,是,否,否,日线,期货/股指,单账户,,244,valid,
01 wywy1995大侠的小市值AI因子选股 5组参数50股.txt,/Users/yuping/Downloads/git/jk2bt-main/jkcode/jkcode/01 wywy1995大侠的小市值AI因子选股 5组参数50股.txt,依赖ML库策略; 期货/股指策略,是,是,是,否,日线,期货/股指,单账户,pandas; numpy,314,valid,
01 一颗耀眼的星—【回顾2】小市值成长股策略更新—改.txt,/Users/yuping/Downloads/git/jk2bt-main/jkcode/jkcode/01 一颗耀眼的星—【回顾2】小市值成长股策略更新—改.txt,研究说明/非策略文档; 分钟级/日内策略; 依赖ML库策略; 期货/股指策略,否,是,是,否,分钟级,期货/股指,单账户,statsmodels,264,valid,
01 首板低开策略.txt,/Users/yuping/Downloads/git/jk2bt-main/jkcode/jkcode/01 首板低开策略.txt,依赖ML库策略; 期货/股指策略,是,是,是,否,日线,期货/股指,单账户,pandas,222,valid,
01 龙回头3.0回测速度优化版.txt,/Users/yuping/Downloads/git/jk2bt-main/jkcode/jkcode/01 龙回头3.0回测速度优化版.txt,依赖ML库策略; 分钟级/日内策略; 期货/股指策略,是,是,是,否,分钟级,期货/股指,单账户,pandas; talib; numpy,344,valid,
02 7年40倍绩优低价超跌缩量小盘 扩容到50只.txt,/Users/yuping/Downloads/git/jk2bt-main/jkcode/jkcode/02 7年40倍绩优低价超跌缩量小盘 扩容到50只.txt,依赖ML库策略; 分钟级/日内策略; 期货/股指策略,是,是,是,否,分钟级,期货/股指,单账户,pandas,295,valid,
02 ETF动量轮动RSRS择时-魔改3小优化.txt,/Users/yuping/Downloads/git/jk2bt-main/jkcode/jkcode/02 ETF动量轮动RSRS择时-魔改3小优化.txt,依赖ML库策略; ETF策略; 分钟级/日内策略; 期货/股指策略,是,是,是,否,分钟级,ETF,单账户,numpy,174,valid,
02 连板龙头策略.txt,/Users/yuping/Downloads/git/jk2bt-main/jkcode/jkcode/02 连板龙头策略.txt,依赖ML库策略; 分钟级/日内策略; 期货/股指策略,是,是,是,否,分钟级,期货/股指,单账户,pandas,402,valid,
02 龙头底分型战法-两年23倍.txt,/Users/yuping/Downloads/git/jk2bt-main/jkcode/jkcode/02 龙头底分型战法-两年23倍.txt,分钟级/日内策略; 依赖文件资源策略; 期货/股指策略,是,否,否,是,分钟级,期货/股指,单账户,,333,missing_api,missing_api
03 5年15倍的收益，年化79.93%，可实盘，拿走不谢！.txt,/Users/yuping/Downloads/git/jk2bt-main/jkcode/jkcode/03 5年15倍的收益，年化79.93%，可实盘，拿走不谢！.txt,依赖ML库策略; 分钟级/日内策略; 期货/股指策略,是,是,是,否,分钟级,期货/股指,单账户,pandas,396,valid,
03 一个简单而持续稳定的懒人超额收益策略.txt,/Users/yuping/Downloads/git/jk2bt-main/jkcode/jkcode/03 一个简单而持续稳定的懒人超额收益策略.txt,依赖ML库策略; 多账户/子账户策略; 期货/股指策略,是,是,是,否,日线,期货/股指,多账户,pandas; numpy,58,valid,
03 多策略融合-80倍.txt,/Users/yuping/Downloads/git/jk2bt-main/jkcode/jkcode/03 多策略融合-80倍.txt,分钟级/日内策略; 依赖文件资源策略; 期货/股指策略,是,否,否,是,分钟级,期货/股指,单账户,,949,missing_api,missing_api
03 截止到21年12月依然有效的小市值适配因子.txt,/Users/yuping/Downloads/git/jk2bt-main/jkcode/jkcode/03 截止到21年12月依然有效的小市值适配因子.txt,依赖ML库策略; 依赖文件资源策略; 期货/股指策略,是,是,是,是,日线,期货/股指,单账户,pandas; numpy,199,valid,
03 高评分ETF策略之核心资产轮动.txt,/Users/yuping/Downloads/git/jk2bt-main/jkcode/jkcode/03 高评分ETF策略之核心资产轮动.txt,依赖ML库策略; ETF策略; 期货/股指策略,是,是,是,否,日线,ETF,单账户,pandas; numpy,79,valid,
04 红利搬砖，年化29%.txt,/Users/yuping/Downloads/git/jk2bt-main/jkcode/jkcode/04 红利搬砖，年化29%.txt,依赖ML库策略; 期货/股指策略,是,是,是,否,日线,期货/股指,单账户,pandas; numpy,89,valid,
04 苦咖啡-默默赚钱系列-改.txt,/Users/yuping/Downloads/git/jk2bt-main/jkcode/jkcode/04 苦咖啡-默默赚钱系列-改.txt,依赖ML库策略; 期货/股指策略,是,是,是,否,日线,期货/股指,单账户,scipy; numpy,113,valid,
04 集合竞价摸奖策略1.0-致敬2022.txt,/Users/yuping/Downloads/git/jk2bt-main/jkcode/jkcode/04 集合竞价摸奖策略1.0-致敬2022.txt,依赖ML库策略; 期货/股指策略; 分钟级/日内策略; 多账户/子账户策略; 依赖文件资源策略,是,否,是,是,分钟级,期货/股指,多账户,talib; scipy,316,missing_api,missing_api
04 首板低开策略.txt,/Users/yuping/Downloads/git/jk2bt-main/jkcode/jkcode/04 首板低开策略.txt,依赖ML库策略; 期货/股指策略,是,是,是,否,日线,期货/股指,单账户,pandas,222,valid,
04 高股息低市盈率高增长的价投策略.txt,/Users/yuping/Downloads/git/jk2bt-main/jkcode/jkcode/04 高股息低市盈率高增长的价投策略.txt,依赖ML库策略; 分钟级/日内策略; 期货/股指策略,是,是,是,否,分钟级,期货/股指,单账户,pandas,205,valid,
"05 8年10倍回撤小,有滑点,ETF动量简单轮动策略.txt","/Users/yuping/Downloads/git/jk2bt-main/jkcode/jkcode/05 8年10倍回撤小,有滑点,ETF动量简单轮动策略.txt",依赖ML库策略; ETF策略; 期货/股指策略,是,是,是,否,日线,ETF,单账户,numpy,288,valid,
05 价值低波（下）--十年十倍（2020拜年）.txt,/Users/yuping/Downloads/git/jk2bt-main/jkcode/jkcode/05 价值低波（下）--十年十倍（2020拜年）.txt,依赖ML库策略; 期货/股指策略,是,是,是,否,日线,期货/股指,单账户,pandas,110,valid,
05 四大搅屎棍策略.txt,/Users/yuping/Downloads/git/jk2bt-main/jkcode/jkcode/05 四大搅屎棍策略.txt,依赖ML库策略; 期货/股指策略,是,是,是,否,日线,期货/股指,单账户,pandas; talib; numpy,276,valid,
05 用机器学习批量快速生产小盘策略.txt,/Users/yuping/Downloads/git/jk2bt-main/jkcode/jkcode/05 用机器学习批量快速生产小盘策略.txt,研究说明/非策略文档; 依赖ML库策略; 期货/股指策略,否,是,是,否,日线,期货/股指,单账户,pandas; numpy,227,valid,
05 随机森林策略，低换手率，年化近50%.txt,/Users/yuping/Downloads/git/jk2bt-main/jkcode/jkcode/05 随机森林策略，低换手率，年化近50%.txt,依赖ML库策略; 依赖文件资源策略; 期货/股指策略,是,是,是,是,日线,期货/股指,单账户,pandas; numpy,92,valid,
06 87.5%胜率之分歧反包二板.txt,/Users/yuping/Downloads/git/jk2bt-main/jkcode/jkcode/06 87.5%胜率之分歧反包二板.txt,分钟级/日内策略; 依赖文件资源策略; 期货/股指策略,是,否,否,是,分钟级,期货/股指,单账户,,305,missing_api,missing_api
06 PEG+成长+小市值+RSRS择时.txt,/Users/yuping/Downloads/git/jk2bt-main/jkcode/jkcode/06 PEG+成长+小市值+RSRS择时.txt,依赖ML库策略; 期货/股指策略,是,是,是,否,日线,期货/股指,单账户,pandas; numpy,251,valid,
06 iAlpha 基金投资策略.txt,/Users/yuping/Downloads/git/jk2bt-main/jkcode/jkcode/06 iAlpha 基金投资策略.txt,研究说明/非策略文档; ETF策略; 期货/股指策略,否,否,否,否,日线,ETF,单账户,,43,no_initialize,no_initialize
06 国九小市值策略【年化100.5% 回撤25.6%】.txt,/Users/yuping/Downloads/git/jk2bt-main/jkcode/jkcode/06 国九小市值策略【年化100.5% 回撤25.6%】.txt,依赖ML库策略; ETF策略; 期货/股指策略,是,是,是,否,日线,ETF,单账户,pandas; numpy,361,valid,
06 高股息低杠杆稳定小市值轮动策略.txt,/Users/yuping/Downloads/git/jk2bt-main/jkcode/jkcode/06 高股息低杠杆稳定小市值轮动策略.txt,依赖ML库策略; 分钟级/日内策略; 期货/股指策略,是,是,是,否,分钟级,期货/股指,单账户,pandas; numpy,301,valid,
07 为了挣点积分自己实盘的策略分享出来.txt,/Users/yuping/Downloads/git/jk2bt-main/jkcode/jkcode/07 为了挣点积分自己实盘的策略分享出来.txt,依赖ML库策略; ETF策略; 分钟级/日内策略; 期货/股指策略,是,是,是,否,分钟级,ETF,单账户,pandas; talib,239,valid,
07 股债波动平衡.txt,/Users/yuping/Downloads/git/jk2bt-main/jkcode/jkcode/07 股债波动平衡.txt,多账户/子账户策略; 依赖文件资源策略; 期货/股指策略,是,是,否,是,日线,期货/股指,多账户,,189,valid,
07 致敬经典作品——小兵哥《一致性风险度量》——极速版.txt,/Users/yuping/Downloads/git/jk2bt-main/jkcode/jkcode/07 致敬经典作品——小兵哥《一致性风险度量》——极速版.txt,依赖文件资源策略; 期货/股指策略,是,是,否,是,日线,期货/股指,单账户,,471,valid,
07 连板龙头策略.txt,/Users/yuping/Downloads/git/jk2bt-main/jkcode/jkcode/07 连板龙头策略.txt,依赖ML库策略; 分钟级/日内策略; 期货/股指策略,是,是,是,否,分钟级,期货/股指,单账户,pandas,403,valid,
07 追首板涨停 过去两年年化304%.txt,/Users/yuping/Downloads/git/jk2bt-main/jkcode/jkcode/07 追首板涨停 过去两年年化304%.txt,依赖ML库策略; 期货/股指策略,是,是,是,否,日线,期货/股指,单账户,pandas,162,valid,
08 14个月200%，超短线实盘交易策略！无未来函数.txt,/Users/yuping/Downloads/git/jk2bt-main/jkcode/jkcode/08 14个月200%，超短线实盘交易策略！无未来函数.txt,依赖ML库策略; 期货/股指策略,是,是,是,否,日线,期货/股指,单账户,numpy,183,valid,
08 ETF动量轮动RSRS择时-魔改3小优化.txt,/Users/yuping/Downloads/git/jk2bt-main/jkcode/jkcode/08 ETF动量轮动RSRS择时-魔改3小优化.txt,依赖ML库策略; ETF策略; 分钟级/日内策略; 期货/股指策略,是,是,是,否,分钟级,ETF,单账户,numpy,174,valid,
08 因子分析 营业利润TTM.txt,/Users/yuping/Downloads/git/jk2bt-main/jkcode/jkcode/08 因子分析 营业利润TTM.txt,依赖ML库策略; 研究说明/非策略文档; 期货/股指策略; 分钟级/日内策略; 依赖文件资源策略,否,是,是,是,分钟级,期货/股指,单账户,pandas; scipy; statsmodels; numpy,639,valid,
08 国九条后中小板微盘小改，年化135.40%.txt,/Users/yuping/Downloads/git/jk2bt-main/jkcode/jkcode/08 国九条后中小板微盘小改，年化135.40%.txt,依赖ML库策略; ETF策略; 期货/股指策略,是,是,是,否,日线,ETF,单账户,pandas; numpy,328,valid,
08 科技与狠活 纯粹的数据挖掘策略.txt,/Users/yuping/Downloads/git/jk2bt-main/jkcode/jkcode/08 科技与狠活 纯粹的数据挖掘策略.txt,依赖ML库策略; 分钟级/日内策略; 期货/股指策略,是,是,是,否,分钟级,期货/股指,单账户,pandas; numpy,277,valid,
09 iAlpha 基金投资策略.txt,/Users/yuping/Downloads/git/jk2bt-main/jkcode/jkcode/09 iAlpha 基金投资策略.txt,研究说明/非策略文档; ETF策略; 期货/股指策略,否,否,否,否,日线,ETF,单账户,,41,no_initialize,no_initialize
09 大容量小市值持仓95只，媲美金元顺安元启.txt,/Users/yuping/Downloads/git/jk2bt-main/jkcode/jkcode/09 大容量小市值持仓95只，媲美金元顺安元启.txt,依赖ML库策略; 期货/股指策略,是,是,是,否,日线,期货/股指,单账户,pandas,98,valid,
09 干积分-量化策略简易框架.txt,/Users/yuping/Downloads/git/jk2bt-main/jkcode/jkcode/09 干积分-量化策略简易框架.txt,依赖ML库策略; ETF策略; 期货/股指策略,是,是,是,否,日线,ETF,单账户,pandas; talib; numpy,382,valid,
09 持续跑赢大盘-真蓝筹v2(资金容量千万以上).txt,/Users/yuping/Downloads/git/jk2bt-main/jkcode/jkcode/09 持续跑赢大盘-真蓝筹v2(资金容量千万以上).txt,依赖ML库策略; 依赖文件资源策略; 期货/股指策略,是,是,是,是,日线,期货/股指,单账户,pandas; statsmodels; numpy,214,valid,
10 10倍-二板排板战法优化.txt,/Users/yuping/Downloads/git/jk2bt-main/jkcode/jkcode/10 10倍-二板排板战法优化.txt,分钟级/日内策略; 依赖文件资源策略; 期货/股指策略,是,是,否,是,分钟级,期货/股指,单账户,,447,valid,
10 10年52倍，年化59%，全新因子方法超稳定.txt,/Users/yuping/Downloads/git/jk2bt-main/jkcode/jkcode/10 10年52倍，年化59%，全新因子方法超稳定.txt,依赖ML库策略; 期货/股指策略,是,是,是,否,日线,期货/股指,单账户,pandas; numpy,288,valid,
10 多因子宽基ETF择时轮动改进版-高收益大资金低回撤.txt,/Users/yuping/Downloads/git/jk2bt-main/jkcode/jkcode/10 多因子宽基ETF择时轮动改进版-高收益大资金低回撤.txt,依赖ML库策略; ETF策略; 分钟级/日内策略; 期货/股指策略,是,是,是,否,分钟级,ETF,单账户,statsmodels; numpy,333,valid,
10 龙头首阴战法改版二.txt,/Users/yuping/Downloads/git/jk2bt-main/jkcode/jkcode/10 龙头首阴战法改版二.txt,分钟级/日内策略; 依赖文件资源策略; 期货/股指策略,是,是,否,是,分钟级,期货/股指,单账户,,405,valid,
100 全市场选股？7年5倍不择时，回撤30%左右.txt,/Users/yuping/Downloads/git/jk2bt-main/jkcode/jkcode/100 全市场选股？7年5倍不择时，回撤30%左右.txt,期货/股指策略,是,是,否,否,日线,期货/股指,单账户,,269,valid,
100 配套资料说明.txt,/Users/yuping/Downloads/git/jk2bt-main/jkcode/jkcode/100 配套资料说明.txt,研究说明/非策略文档,否,否,否,否,日线,股票,单账户,,8,not_strategy,非策略文件（研究文档/配套资料）
11 一个简单而持续稳定的懒人超额收益策略.txt,/Users/yuping/Downloads/git/jk2bt-main/jkcode/jkcode/11 一个简单而持续稳定的懒人超额收益策略.txt,依赖ML库策略; 多账户/子账户策略; 期货/股指策略,是,是,是,否,日线,期货/股指,多账户,pandas; numpy,58,valid,
11 低价小盘简单有效.txt,/Users/yuping/Downloads/git/jk2bt-main/jkcode/jkcode/11 低价小盘简单有效.txt,依赖ML库策略; 期货/股指策略,是,是,是,否,日线,期货/股指,单账户,pandas; numpy,221,valid,
11 低风险中等收益策略.txt,/Users/yuping/Downloads/git/jk2bt-main/jkcode/jkcode/11 低风险中等收益策略.txt,依赖ML库策略; 期货/股指策略,是,是,是,否,日线,期货/股指,单账户,pandas,132,valid,
11 缠论交易策略.txt,/Users/yuping/Downloads/git/jk2bt-main/jkcode/jkcode/11 缠论交易策略.txt,依赖ML库策略; 分钟级/日内策略; 依赖文件资源策略; 期货/股指策略,是,是,是,是,分钟级,期货/股指,单账户,numpy,585,valid,
12 全市场选股？7年5倍不择时，回撤30%左右.txt,/Users/yuping/Downloads/git/jk2bt-main/jkcode/jkcode/12 全市场选股？7年5倍不择时，回撤30%左右.txt,期货/股指策略,是,是,否,否,日线,期货/股指,单账户,,269,valid,
12 用子账户模拟多策略分仓.txt,/Users/yuping/Downloads/git/jk2bt-main/jkcode/jkcode/12 用子账户模拟多策略分仓.txt,ETF策略; 多账户/子账户策略; 依赖文件资源策略; 期货/股指策略,是,是,否,是,日线,ETF,多账户,,741,valid,
12 致敬市场--5 定投ETF之躺平赢.txt,/Users/yuping/Downloads/git/jk2bt-main/jkcode/jkcode/12 致敬市场--5 定投ETF之躺平赢.txt,依赖ML库策略; ETF策略; 期货/股指策略,是,是,是,否,日线,ETF,单账户,pandas,63,valid,
12 致敬聚宽： 机器学习多因子，50只持仓，14年37倍.txt,/Users/yuping/Downloads/git/jk2bt-main/jkcode/jkcode/12 致敬聚宽： 机器学习多因子，50只持仓，14年37倍.txt,研究说明/非策略文档; 依赖ML库策略; 期货/股指策略,否,是,是,否,日线,期货/股指,单账户,sklearn; pandas; numpy,113,valid,
13 5年15倍的收益，年化79.93%，可实盘策略，拿走不谢！.txt,/Users/yuping/Downloads/git/jk2bt-main/jkcode/jkcode/13 5年15倍的收益，年化79.93%，可实盘策略，拿走不谢！.txt,依赖ML库策略; 分钟级/日内策略; 期货/股指策略,是,是,是,否,分钟级,期货/股指,单账户,pandas,395,valid,
13 7年40倍模拟超过两年年化高回撤低.txt,/Users/yuping/Downloads/git/jk2bt-main/jkcode/jkcode/13 7年40倍模拟超过两年年化高回撤低.txt,期货/股指策略,是,是,否,否,日线,期货/股指,单账户,,244,valid,
13 【涨停研究三】连板股票收益统计与回测.txt,/Users/yuping/Downloads/git/jk2bt-main/jkcode/jkcode/13 【涨停研究三】连板股票收益统计与回测.txt,研究说明/非策略文档; 多账户/子账户策略; 依赖ML库策略; 期货/股指策略,否,否,是,否,日线,期货/股指,多账户,pandas,226,not_strategy,非策略文件（研究文档/配套资料）
13 不含未来宽基etf轮动8年50倍年化60%.txt,/Users/yuping/Downloads/git/jk2bt-main/jkcode/jkcode/13 不含未来宽基etf轮动8年50倍年化60%.txt,ETF策略; 期货/股指策略,是,是,否,否,日线,ETF,单账户,,245,valid,
13 首板高开-低开-弱转强混合策略（今年收益1138.61%）.txt,/Users/yuping/Downloads/git/jk2bt-main/jkcode/jkcode/13 首板高开-低开-弱转强混合策略（今年收益1138.61%）.txt,依赖ML库策略; 期货/股指策略,是,是,是,否,日线,期货/股指,单账户,pandas,260,valid,
14 FOF养老成长基金-v2.0.txt,/Users/yuping/Downloads/git/jk2bt-main/jkcode/jkcode/14 FOF养老成长基金-v2.0.txt,依赖ML库策略; ETF策略; 多账户/子账户策略; 期货/股指策略,是,是,是,否,日线,ETF,多账户,pandas; talib; scipy; numpy,650,valid,
14 为实盘做的更新： 分钟级别和盘中止损.txt,/Users/yuping/Downloads/git/jk2bt-main/jkcode/jkcode/14 为实盘做的更新： 分钟级别和盘中止损.txt,分钟级/日内策略; 期货/股指策略,是,是,否,否,分钟级,期货/股指,单账户,,342,valid,
14 四年多翻9倍，年化73%，成长因子评分筛选.txt,/Users/yuping/Downloads/git/jk2bt-main/jkcode/jkcode/14 四年多翻9倍，年化73%，成长因子评分筛选.txt,依赖ML库策略; 依赖文件资源策略; 期货/股指策略,是,是,是,是,日线,期货/股指,单账户,pandas,202,valid,
14 安全摸狗策略.txt,/Users/yuping/Downloads/git/jk2bt-main/jkcode/jkcode/14 安全摸狗策略.txt,依赖ML库策略; ETF策略; 期货/股指策略,是,是,是,否,日线,ETF,单账户,pandas; numpy,92,valid,
14 胜率65%之缩量分歧反包战法.txt,/Users/yuping/Downloads/git/jk2bt-main/jkcode/jkcode/14 胜率65%之缩量分歧反包战法.txt,分钟级/日内策略; 依赖文件资源策略; 期货/股指策略,是,否,否,是,分钟级,期货/股指,单账户,,271,missing_api,missing_api
15 10年52倍，年化59%，全新因子方法超稳定.txt,/Users/yuping/Downloads/git/jk2bt-main/jkcode/jkcode/15 10年52倍，年化59%，全新因子方法超稳定.txt,依赖ML库策略; 期货/股指策略,是,是,是,否,日线,期货/股指,单账户,pandas; numpy,287,valid,
15 2020年 267%年化 13%回撤 上涨趋势策略修改版.txt,/Users/yuping/Downloads/git/jk2bt-main/jkcode/jkcode/15 2020年 267%年化 13%回撤 上涨趋势策略修改版.txt,依赖ML库策略; 期货/股指策略,是,是,是,否,日线,期货/股指,单账户,sklearn; pandas; talib; scipy; numpy,428,valid,
15 小市值排除3个bug版，22年至今收益506%回撤11%.txt,/Users/yuping/Downloads/git/jk2bt-main/jkcode/jkcode/15 小市值排除3个bug版，22年至今收益506%回撤11%.txt,依赖ML库策略; ETF策略; 期货/股指策略,是,是,是,否,日线,ETF,单账户,pandas; numpy,377,valid,
15 小市值策略之再优化，年化接近翻倍.txt,/Users/yuping/Downloads/git/jk2bt-main/jkcode/jkcode/15 小市值策略之再优化，年化接近翻倍.txt,期货/股指策略,是,是,否,否,日线,期货/股指,单账户,,215,valid,
15 高股息低杠杆小市值轮动策略.txt,/Users/yuping/Downloads/git/jk2bt-main/jkcode/jkcode/15 高股息低杠杆小市值轮动策略.txt,依赖ML库策略; 分钟级/日内策略; 期货/股指策略,是,是,是,否,分钟级,期货/股指,单账户,pandas; numpy,301,valid,
16 ETF轮动策略升级-多类别-低回撤.txt,/Users/yuping/Downloads/git/jk2bt-main/jkcode/jkcode/16 ETF轮动策略升级-多类别-低回撤.txt,依赖ML库策略; ETF策略; 依赖文件资源策略; 期货/股指策略,是,是,是,是,日线,ETF,单账户,pandas; talib,312,valid,
16 动量ETF轮动RSRS择时-升级.txt,/Users/yuping/Downloads/git/jk2bt-main/jkcode/jkcode/16 动量ETF轮动RSRS择时-升级.txt,依赖ML库策略; ETF策略; 分钟级/日内策略; 期货/股指策略,是,是,是,否,分钟级,ETF,单账户,statsmodels; numpy,223,valid,
16 大市值价值投资，从2005年至今超额稳定.txt,/Users/yuping/Downloads/git/jk2bt-main/jkcode/jkcode/16 大市值价值投资，从2005年至今超额稳定.txt,依赖文件资源策略; 期货/股指策略,是,是,否,是,日线,期货/股指,单账户,,160,valid,
16 集合竞价三合一，今年收益1067%，年化198%.txt,/Users/yuping/Downloads/git/jk2bt-main/jkcode/jkcode/16 集合竞价三合一，今年收益1067%，年化198%.txt,依赖ML库策略; 期货/股指策略,是,是,是,否,日线,期货/股指,单账户,pandas,475,valid,
17 5年多因子超额收益1055%，K线风险过滤，无未来函数.txt,/Users/yuping/Downloads/git/jk2bt-main/jkcode/jkcode/17 5年多因子超额收益1055%，K线风险过滤，无未来函数.txt,依赖ML库策略; 分钟级/日内策略; 期货/股指策略,是,是,是,否,分钟级,期货/股指,单账户,statsmodels,295,valid,
"17 8年13倍的ETF动量轮动策略,有滑点,无未来函数,回撤小.txt","/Users/yuping/Downloads/git/jk2bt-main/jkcode/jkcode/17 8年13倍的ETF动量轮动策略,有滑点,无未来函数,回撤小.txt",依赖ML库策略; ETF策略; 期货/股指策略,是,是,是,否,日线,ETF,单账户,numpy,288,valid,
17 基金跟随策略，19年年化60%.txt,/Users/yuping/Downloads/git/jk2bt-main/jkcode/jkcode/17 基金跟随策略，19年年化60%.txt,依赖ML库策略; 期货/股指策略,是,是,是,否,日线,期货/股指,单账户,pandas; talib; numpy,490,valid,
17 多品种ETF动量轮动+EPO优化.txt,/Users/yuping/Downloads/git/jk2bt-main/jkcode/jkcode/17 多品种ETF动量轮动+EPO优化.txt,依赖ML库策略; ETF策略; 期货/股指策略,是,是,是,否,日线,ETF,单账户,pandas; talib; scipy; statsmodels; numpy,150,valid,
17 科技与狠活.txt,/Users/yuping/Downloads/git/jk2bt-main/jkcode/jkcode/17 科技与狠活.txt,依赖ML库策略; 分钟级/日内策略; 期货/股指策略,是,是,是,否,分钟级,期货/股指,单账户,pandas; numpy,277,valid,
18 20行代码8年高胜率躲过了牛年第一场大跌.txt,/Users/yuping/Downloads/git/jk2bt-main/jkcode/jkcode/18 20行代码8年高胜率躲过了牛年第一场大跌.txt,依赖文件资源策略; 期货/股指策略,是,是,否,是,日线,期货/股指,单账户,,28,valid,
18 6年17倍的etf+分级b的轮动趋势策略跟随感悟.txt,/Users/yuping/Downloads/git/jk2bt-main/jkcode/jkcode/18 6年17倍的etf+分级b的轮动趋势策略跟随感悟.txt,依赖ML库策略; ETF策略; 期货/股指策略; 分钟级/日内策略; 依赖文件资源策略,是,是,是,是,分钟级,ETF,单账户,pandas; talib,250,valid,
18 动量ETF轮动-RSRS择时-卡尔曼滤波.txt,/Users/yuping/Downloads/git/jk2bt-main/jkcode/jkcode/18 动量ETF轮动-RSRS择时-卡尔曼滤波.txt,依赖ML库策略; ETF策略; 期货/股指策略,是,是,是,否,日线,ETF,单账户,numpy,191,valid,
18 国庆节献礼：实例说明白马股攻防转换策略.txt,/Users/yuping/Downloads/git/jk2bt-main/jkcode/jkcode/18 国庆节献礼：实例说明白马股攻防转换策略.txt,研究说明/非策略文档; 依赖文件资源策略; 期货/股指策略,否,否,否,是,日线,期货/股指,单账户,,227,not_strategy,非策略文件（研究文档/配套资料）
18 微盘股400多角度深入研究.txt,/Users/yuping/Downloads/git/jk2bt-main/jkcode/jkcode/18 微盘股400多角度深入研究.txt,研究说明/非策略文档; 依赖ML库策略; 期货/股指策略,否,否,是,否,日线,期货/股指,单账户,pandas,90,not_strategy,非策略文件（研究文档/配套资料）
19 【复现】高频价量相关性，意想不到的选股因子.txt,/Users/yuping/Downloads/git/jk2bt-main/jkcode/jkcode/19 【复现】高频价量相关性，意想不到的选股因子.txt,依赖ML库策略; 依赖文件资源策略; 期货/股指策略,是,是,是,是,日线,期货/股指,单账户,sklearn; pandas; numpy,124,valid,
19 复现FFScore财务模型.txt,/Users/yuping/Downloads/git/jk2bt-main/jkcode/jkcode/19 复现FFScore财务模型.txt,依赖ML库策略; 分钟级/日内策略; 期货/股指策略,是,是,是,否,分钟级,期货/股指,单账户,pandas; numpy,369,valid,
19 机器学习线性回归小市值.txt,/Users/yuping/Downloads/git/jk2bt-main/jkcode/jkcode/19 机器学习线性回归小市值.txt,研究说明/非策略文档; 依赖ML库策略; 期货/股指策略,否,是,是,否,日线,期货/股指,单账户,pandas; numpy,302,valid,
19 简单到发指的股指策略(2013到现在收益10949%).txt,/Users/yuping/Downloads/git/jk2bt-main/jkcode/jkcode/19 简单到发指的股指策略(2013到现在收益10949%).txt,多账户/子账户策略; 期货/股指策略,是,是,否,否,日线,期货/股指,多账户,,64,valid,
19 高股息低市盈率稳健增长的价投策略.txt,/Users/yuping/Downloads/git/jk2bt-main/jkcode/jkcode/19 高股息低市盈率稳健增长的价投策略.txt,依赖ML库策略; 分钟级/日内策略; 期货/股指策略,是,是,是,否,分钟级,期货/股指,单账户,pandas,205,valid,
20 【复现】因子择时？？？.txt,/Users/yuping/Downloads/git/jk2bt-main/jkcode/jkcode/20 【复现】因子择时？？？.txt,依赖ML库策略; 依赖文件资源策略; 期货/股指策略,是,是,是,是,日线,期货/股指,单账户,sklearn; pandas; scipy; statsmodels; numpy,420,valid,
20 人人可躺平16年3400%.txt,/Users/yuping/Downloads/git/jk2bt-main/jkcode/jkcode/20 人人可躺平16年3400%.txt,研究说明/非策略文档; 分钟级/日内策略; 依赖ML库策略; 期货/股指策略,否,否,是,否,分钟级,期货/股指,单账户,numpy,66,no_initialize,no_initialize
20 冲天炮最高板策略，收益惊呆了我.txt,/Users/yuping/Downloads/git/jk2bt-main/jkcode/jkcode/20 冲天炮最高板策略，收益惊呆了我.txt,依赖ML库策略; 依赖文件资源策略; 期货/股指策略,是,是,是,是,日线,期货/股指,单账户,sklearn,158,valid,
20 小市值高频交易法有赚就好 2年3.86%低回撤.txt,/Users/yuping/Downloads/git/jk2bt-main/jkcode/jkcode/20 小市值高频交易法有赚就好 2年3.86%低回撤.txt,依赖ML库策略; 期货/股指策略,是,是,是,否,日线,期货/股指,单账户,pandas; talib; numpy,111,valid,
21 【原创】年化123%最大回撤14%涨停弱转强竞价战法.txt,/Users/yuping/Downloads/git/jk2bt-main/jkcode/jkcode/21 【原创】年化123%最大回撤14%涨停弱转强竞价战法.txt,依赖ML库策略; 期货/股指策略,是,是,是,否,日线,期货/股指,单账户,pandas,345,valid,
21 以“网红”ETF轮动为例.txt,/Users/yuping/Downloads/git/jk2bt-main/jkcode/jkcode/21 以“网红”ETF轮动为例.txt,依赖ML库策略; ETF策略; 期货/股指策略; 分钟级/日内策略; 依赖文件资源策略,是,是,是,是,分钟级,ETF,单账户,pandas; talib,243,valid,
21 利用宏观经济数据的中长线策略深度研究.txt,/Users/yuping/Downloads/git/jk2bt-main/jkcode/jkcode/21 利用宏观经济数据的中长线策略深度研究.txt,研究说明/非策略文档; ETF策略; 依赖ML库策略; 期货/股指策略,否,否,是,否,日线,ETF,单账户,pandas; scipy; numpy,289,not_strategy,非策略文件（研究文档/配套资料）
21 北向资金股票轮动-优质策略可直接实盘.txt,/Users/yuping/Downloads/git/jk2bt-main/jkcode/jkcode/21 北向资金股票轮动-优质策略可直接实盘.txt,依赖ML库策略; ETF策略; 期货/股指策略,是,是,是,否,日线,ETF,单账户,pandas; talib,145,valid,
21 行业ETF轮动+择时，15年至今年化收益35%，回撤16%.txt,/Users/yuping/Downloads/git/jk2bt-main/jkcode/jkcode/21 行业ETF轮动+择时，15年至今年化收益35%，回撤16%.txt,ETF策略; 期货/股指策略,是,是,否,否,日线,ETF,单账户,,302,valid,
22 “开弓”ETF轮动模型——改.txt,/Users/yuping/Downloads/git/jk2bt-main/jkcode/jkcode/22 “开弓”ETF轮动模型——改.txt,依赖ML库策略; ETF策略; 期货/股指策略,是,是,是,否,日线,ETF,单账户,pandas; talib,145,valid,
22 带上止损的核心资产轮动才更安心，低回撤，高收益率.txt,/Users/yuping/Downloads/git/jk2bt-main/jkcode/jkcode/22 带上止损的核心资产轮动才更安心，低回撤，高收益率.txt,依赖ML库策略; ETF策略; 期货/股指策略,是,是,是,否,日线,ETF,单账户,pandas; numpy,131,valid,
22 截止到21年12月依然有效的小市值适配因子.txt,/Users/yuping/Downloads/git/jk2bt-main/jkcode/jkcode/22 截止到21年12月依然有效的小市值适配因子.txt,依赖ML库策略; 依赖文件资源策略; 期货/股指策略,是,是,是,是,日线,期货/股指,单账户,pandas; numpy,199,valid,
22 菜场大妈选股法.txt,/Users/yuping/Downloads/git/jk2bt-main/jkcode/jkcode/22 菜场大妈选股法.txt,依赖ML库策略; 期货/股指策略,是,是,是,否,日线,期货/股指,单账户,pandas,173,valid,
22 菜场大妈高质低价法策略.txt,/Users/yuping/Downloads/git/jk2bt-main/jkcode/jkcode/22 菜场大妈高质低价法策略.txt,依赖ML库策略; 期货/股指策略,是,是,是,否,日线,期货/股指,单账户,pandas,399,valid,
23 wywy1995大神机器学习策略年化提升版.txt,/Users/yuping/Downloads/git/jk2bt-main/jkcode/jkcode/23 wywy1995大神机器学习策略年化提升版.txt,研究说明/非策略文档; 依赖ML库策略; 期货/股指策略,否,是,是,否,日线,期货/股指,单账户,pandas; statsmodels; numpy,316,valid,
23 低价小盘简单有效.txt,/Users/yuping/Downloads/git/jk2bt-main/jkcode/jkcode/23 低价小盘简单有效.txt,依赖ML库策略; 期货/股指策略,是,是,是,否,日线,期货/股指,单账户,pandas; numpy,221,valid,
23 大盘择时，逻辑简单.txt,/Users/yuping/Downloads/git/jk2bt-main/jkcode/jkcode/23 大盘择时，逻辑简单.txt,依赖ML库策略; ETF策略; 期货/股指策略,是,是,是,否,日线,ETF,单账户,pandas; talib; numpy,256,valid,
23 简单到发指的股指策略(2013到现在收益10949%).txt,/Users/yuping/Downloads/git/jk2bt-main/jkcode/jkcode/23 简单到发指的股指策略(2013到现在收益10949%).txt,多账户/子账户策略; 期货/股指策略,是,是,否,否,日线,期货/股指,多账户,,64,valid,
24 低AH溢价选股.txt,/Users/yuping/Downloads/git/jk2bt-main/jkcode/jkcode/24 低AH溢价选股.txt,期货/股指策略,是,是,否,否,日线,期货/股指,单账户,,73,valid,
24 多因子线性回归组合策略.txt,/Users/yuping/Downloads/git/jk2bt-main/jkcode/jkcode/24 多因子线性回归组合策略.txt,依赖ML库策略; 期货/股指策略,是,是,是,否,日线,期货/股指,单账户,pandas; numpy,344,valid,
24 大容量低回撤价值投资-排除小市值因子.txt,/Users/yuping/Downloads/git/jk2bt-main/jkcode/jkcode/24 大容量低回撤价值投资-排除小市值因子.txt,依赖ML库策略; 期货/股指策略,是,是,是,否,日线,期货/股指,单账户,sklearn; pandas; statsmodels; numpy,173,valid,
24 宽基ETF动量轮动钝化RSRS择时-回撤小.txt,/Users/yuping/Downloads/git/jk2bt-main/jkcode/jkcode/24 宽基ETF动量轮动钝化RSRS择时-回撤小.txt,依赖ML库策略; ETF策略; 依赖文件资源策略; 期货/股指策略,是,是,是,是,日线,ETF,单账户,statsmodels; numpy,159,valid,
24 现在便宜的300就是最好的，收益惊人.txt,/Users/yuping/Downloads/git/jk2bt-main/jkcode/jkcode/24 现在便宜的300就是最好的，收益惊人.txt,期货/股指策略,是,是,否,否,日线,期货/股指,单账户,,170,valid,
25 ROE-PB模型的优化.txt,/Users/yuping/Downloads/git/jk2bt-main/jkcode/jkcode/25 ROE-PB模型的优化.txt,期货/股指策略,是,是,否,否,日线,期货/股指,单账户,,179,valid,
25 低价股优化，18年至今10625.40%，加入防未来函数.txt,/Users/yuping/Downloads/git/jk2bt-main/jkcode/jkcode/25 低价股优化，18年至今10625.40%，加入防未来函数.txt,依赖ML库策略; 分钟级/日内策略; 依赖文件资源策略; 期货/股指策略,是,是,是,是,分钟级,期货/股指,单账户,pandas; numpy,203,valid,
25 冷饭热吃之三，14年至今年华99.99%.txt,/Users/yuping/Downloads/git/jk2bt-main/jkcode/jkcode/25 冷饭热吃之三，14年至今年华99.99%.txt,依赖ML库策略; 期货/股指策略,是,是,是,否,日线,期货/股指,单账户,pandas; numpy,384,valid,
25 基本不耍六毛的ETF轮动策略.txt,/Users/yuping/Downloads/git/jk2bt-main/jkcode/jkcode/25 基本不耍六毛的ETF轮动策略.txt,依赖ML库策略; ETF策略; 分钟级/日内策略; 期货/股指策略,是,是,是,否,分钟级,ETF,单账户,pandas; talib,221,valid,
25 年初至今4倍，极致的Day Trading，56.8%胜率.txt,/Users/yuping/Downloads/git/jk2bt-main/jkcode/jkcode/25 年初至今4倍，极致的Day Trading，56.8%胜率.txt,依赖ML库策略; ETF策略; 期货/股指策略,是,是,是,否,日线,ETF,单账户,pandas; numpy,611,valid,
26 【深度解析 六】高股息率-低PEG-低股价-市值序列模型.txt,/Users/yuping/Downloads/git/jk2bt-main/jkcode/jkcode/26 【深度解析 六】高股息率-低PEG-低股价-市值序列模型.txt,研究说明/非策略文档; 分钟级/日内策略; 依赖ML库策略; 期货/股指策略,否,是,是,否,分钟级,期货/股指,单账户,pandas,390,valid,
26 波动率过滤后相关性最小etf轮动.txt,/Users/yuping/Downloads/git/jk2bt-main/jkcode/jkcode/26 波动率过滤后相关性最小etf轮动.txt,依赖ML库策略; ETF策略; 期货/股指策略,是,是,是,否,日线,ETF,单账户,pandas; numpy,69,valid,
26 稳定高回报周期股策略2.txt,/Users/yuping/Downloads/git/jk2bt-main/jkcode/jkcode/26 稳定高回报周期股策略2.txt,依赖ML库策略; 期货/股指策略,是,是,是,否,日线,期货/股指,单账户,pandas; numpy,251,valid,
26 近几年一直有效的股票BOLL择时策略.txt,/Users/yuping/Downloads/git/jk2bt-main/jkcode/jkcode/26 近几年一直有效的股票BOLL择时策略.txt,分钟级/日内策略; 依赖文件资源策略; 期货/股指策略,是,是,否,是,分钟级,期货/股指,单账户,,281,valid,
26 这个可入得了你们法眼.txt,/Users/yuping/Downloads/git/jk2bt-main/jkcode/jkcode/26 这个可入得了你们法眼.txt,依赖ML库策略; 分钟级/日内策略; 期货/股指策略,是,是,是,否,分钟级,期货/股指,单账户,pandas; talib; numpy,386,valid,
27 中证500指增+CTA，胜率52%盈亏比1.9。不输顶尖私募.txt,/Users/yuping/Downloads/git/jk2bt-main/jkcode/jkcode/27 中证500指增+CTA，胜率52%盈亏比1.9。不输顶尖私募.txt,依赖ML库策略; 多账户/子账户策略; 期货/股指策略,是,否,是,否,日线,期货/股指,多账户,pandas; numpy,472,missing_api,missing_api
27 人工智能强化学习DQN交易智能体（回馈社区公开训练代码）.txt,/Users/yuping/Downloads/git/jk2bt-main/jkcode/jkcode/27 人工智能强化学习DQN交易智能体（回馈社区公开训练代码）.txt,研究说明/非策略文档; 依赖ML库策略; 依赖文件资源策略; 期货/股指策略,否,是,是,是,日线,期货/股指,单账户,pandas; torch; numpy,140,valid,
27 基于RSRS的趋势交易与网格交易相结合的尝试.txt,/Users/yuping/Downloads/git/jk2bt-main/jkcode/jkcode/27 基于RSRS的趋势交易与网格交易相结合的尝试.txt,依赖ML库策略; 分钟级/日内策略; 依赖文件资源策略; 期货/股指策略,是,是,是,是,分钟级,期货/股指,单账户,talib; statsmodels; numpy,154,valid,
27 根据动量模型切换大小盘板块选股策略.txt,/Users/yuping/Downloads/git/jk2bt-main/jkcode/jkcode/27 根据动量模型切换大小盘板块选股策略.txt,依赖ML库策略; 多账户/子账户策略; 依赖文件资源策略; 期货/股指策略,是,是,是,是,日线,期货/股指,多账户,pandas; numpy,409,valid,
27 追涨大师（超额142）.txt,/Users/yuping/Downloads/git/jk2bt-main/jkcode/jkcode/27 追涨大师（超额142）.txt,依赖ML库策略; 期货/股指策略,是,是,是,否,日线,期货/股指,单账户,sklearn,189,valid,
28 XGBoost模型多因子策略分享.txt,/Users/yuping/Downloads/git/jk2bt-main/jkcode/jkcode/28 XGBoost模型多因子策略分享.txt,依赖ML库策略; 分钟级/日内策略; 依赖文件资源策略; 期货/股指策略,是,是,是,是,分钟级,期货/股指,单账户,sklearn; pandas; talib; scipy; statsmodels; xgboost; numpy,510,valid,
28 从相关系数角度探讨etf轮动高评分.txt,/Users/yuping/Downloads/git/jk2bt-main/jkcode/jkcode/28 从相关系数角度探讨etf轮动高评分.txt,研究说明/非策略文档; ETF策略; 依赖ML库策略; 期货/股指策略,否,是,是,否,日线,ETF,单账户,numpy,207,valid,
28 正黄旗大妈策略V3.0修改版.txt,/Users/yuping/Downloads/git/jk2bt-main/jkcode/jkcode/28 正黄旗大妈策略V3.0修改版.txt,依赖ML库策略; 期货/股指策略,是,是,是,否,日线,期货/股指,单账户,pandas,265,valid,
28 韶华研究之十九，一致性用在微盘控制回撤.txt,/Users/yuping/Downloads/git/jk2bt-main/jkcode/jkcode/28 韶华研究之十九，一致性用在微盘控制回撤.txt,研究说明/非策略文档; 分钟级/日内策略; 依赖ML库策略; 期货/股指策略,否,否,是,否,分钟级,期货/股指,单账户,pandas; numpy,435,not_strategy,非策略文件（研究文档/配套资料）
29 F_Score 选股，年化80%+.txt,/Users/yuping/Downloads/git/jk2bt-main/jkcode/jkcode/29 F_Score 选股，年化80%+.txt,依赖文件资源策略; 期货/股指策略,是,是,否,是,日线,期货/股指,单账户,,234,valid,
29 北上资金（北向资金港资外资）因子分析与策略分享.txt,/Users/yuping/Downloads/git/jk2bt-main/jkcode/jkcode/29 北上资金（北向资金港资外资）因子分析与策略分享.txt,依赖ML库策略; 研究说明/非策略文档; 期货/股指策略; 分钟级/日内策略; 多账户/子账户策略,否,否,是,否,分钟级,期货/股指,多账户,pandas; talib; numpy,221,syntax_error,语法错误: invalid syntax (行 68)
29 穿越牛熊2.0（非小市值）年化50%的cta策略.txt,/Users/yuping/Downloads/git/jk2bt-main/jkcode/jkcode/29 穿越牛熊2.0（非小市值）年化50%的cta策略.txt,多账户/子账户策略; 依赖文件资源策略; 期货/股指策略,是,是,否,是,日线,期货/股指,多账户,,116,valid,
29 高增长业绩股池小市值成长型策略.txt,/Users/yuping/Downloads/git/jk2bt-main/jkcode/jkcode/29 高增长业绩股池小市值成长型策略.txt,依赖ML库策略; 分钟级/日内策略; 依赖文件资源策略; 期货/股指策略,是,是,是,是,分钟级,期货/股指,单账户,pandas,237,valid,
30 ETF宽基轮动修改版-1.0.txt,/Users/yuping/Downloads/git/jk2bt-main/jkcode/jkcode/30 ETF宽基轮动修改版-1.0.txt,ETF策略; 期货/股指策略,是,是,否,否,日线,ETF,单账户,,141,valid,
30 【超跌反弹v1.0】3年2.3倍的超跌反弹小牛股.txt,/Users/yuping/Downloads/git/jk2bt-main/jkcode/jkcode/30 【超跌反弹v1.0】3年2.3倍的超跌反弹小牛股.txt,依赖ML库策略; 分钟级/日内策略; 依赖文件资源策略; 期货/股指策略,是,是,是,是,分钟级,期货/股指,单账户,talib,220,valid,
30 价值成长轮动策略.txt,/Users/yuping/Downloads/git/jk2bt-main/jkcode/jkcode/30 价值成长轮动策略.txt,依赖ML库策略; 期货/股指策略,是,是,是,否,日线,期货/股指,单账户,pandas; numpy,308,valid,
30 挖掘特色估值体系因子，把握投资机会，年化150%+.txt,/Users/yuping/Downloads/git/jk2bt-main/jkcode/jkcode/30 挖掘特色估值体系因子，把握投资机会，年化150%+.txt,依赖ML库策略; 分钟级/日内策略; 期货/股指策略,是,是,是,否,分钟级,期货/股指,单账户,pandas; numpy,252,valid,
30 错杀反弹，掌握人性规律，开启投资新纪元.txt,/Users/yuping/Downloads/git/jk2bt-main/jkcode/jkcode/30 错杀反弹，掌握人性规律，开启投资新纪元.txt,依赖ML库策略; 分钟级/日内策略; 期货/股指策略,是,是,是,否,分钟级,期货/股指,单账户,pandas,333,valid,
31 ETF核心资产轮动动量因子加RSRS择时每日策略.txt,/Users/yuping/Downloads/git/jk2bt-main/jkcode/jkcode/31 ETF核心资产轮动动量因子加RSRS择时每日策略.txt,依赖ML库策略; ETF策略; 分钟级/日内策略; 期货/股指策略,是,是,是,否,分钟级,ETF,单账户,numpy,197,valid,
31 RSRS择时+货币基金--6年8倍行业周期股策略.txt,/Users/yuping/Downloads/git/jk2bt-main/jkcode/jkcode/31 RSRS择时+货币基金--6年8倍行业周期股策略.txt,依赖ML库策略; ETF策略; 期货/股指策略,是,是,是,否,日线,ETF,单账户,pandas; statsmodels; numpy,358,valid,
31 《趋势永存》持续16年跑赢大盘的真正靠谱策略.txt,/Users/yuping/Downloads/git/jk2bt-main/jkcode/jkcode/31 《趋势永存》持续16年跑赢大盘的真正靠谱策略.txt,依赖ML库策略; 分钟级/日内策略; 期货/股指策略,是,是,是,否,分钟级,期货/股指,单账户,talib; numpy,153,valid,
31 蛇皮走位小市值策略V1.0.txt,/Users/yuping/Downloads/git/jk2bt-main/jkcode/jkcode/31 蛇皮走位小市值策略V1.0.txt,期货/股指策略,是,是,否,否,日线,期货/股指,单账户,,193,valid,
31 跟着基金报团！！！174%  回撤  7.33%.txt,/Users/yuping/Downloads/git/jk2bt-main/jkcode/jkcode/31 跟着基金报团！！！174%  回撤  7.33%.txt,依赖ML库策略; 依赖文件资源策略; 期货/股指策略,是,是,是,是,日线,期货/股指,单账户,pandas; talib; statsmodels; numpy,221,valid,
32 EPO优化低相关etf组合.txt,/Users/yuping/Downloads/git/jk2bt-main/jkcode/jkcode/32 EPO优化低相关etf组合.txt,依赖ML库策略; ETF策略; 期货/股指策略,是,是,是,否,日线,ETF,单账户,pandas; scipy; numpy,80,valid,
32 北向Boll带_ETF组合宝付费策略.txt,/Users/yuping/Downloads/git/jk2bt-main/jkcode/jkcode/32 北向Boll带_ETF组合宝付费策略.txt,依赖ML库策略; ETF策略; 期货/股指策略; 分钟级/日内策略; 依赖文件资源策略,是,是,是,是,分钟级,ETF,单账户,pandas; talib,377,valid,
32 北向资金A股择时策略（5年16倍）.txt,/Users/yuping/Downloads/git/jk2bt-main/jkcode/jkcode/32 北向资金A股择时策略（5年16倍）.txt,依赖ML库策略; 多账户/子账户策略; 依赖文件资源策略; 期货/股指策略,是,否,是,是,日线,期货/股指,多账户,pandas,122,missing_api,missing_api
"32 追高概率涨停策略, 2022年化350%.txt","/Users/yuping/Downloads/git/jk2bt-main/jkcode/jkcode/32 追高概率涨停策略, 2022年化350%.txt",依赖ML库策略; 分钟级/日内策略; 依赖文件资源策略; 期货/股指策略,是,否,是,是,分钟级,期货/股指,单账户,numpy,297,missing_api,missing_api
32 非线性关系市值（不是小市值）4只绩优股组合.txt,/Users/yuping/Downloads/git/jk2bt-main/jkcode/jkcode/32 非线性关系市值（不是小市值）4只绩优股组合.txt,依赖ML库策略; 期货/股指策略,是,是,是,否,日线,期货/股指,单账户,pandas,347,valid,
33 alpha191短周期价量特征因子选股，年化46.77.txt,/Users/yuping/Downloads/git/jk2bt-main/jkcode/jkcode/33 alpha191短周期价量特征因子选股，年化46.77.txt,依赖ML库策略; 期货/股指策略,是,是,是,否,日线,期货/股指,单账户,sklearn; pandas; statsmodels; numpy,244,valid,
33 回馈社区顺便搞积分《一个完整的机器学习pipeline》.txt,/Users/yuping/Downloads/git/jk2bt-main/jkcode/jkcode/33 回馈社区顺便搞积分《一个完整的机器学习pipeline》.txt,研究说明/非策略文档; 依赖ML库策略; 依赖文件资源策略; 期货/股指策略,否,是,是,是,日线,期货/股指,单账户,pandas; numpy,317,valid,
33 最适合上班族的策略-神奇公式策略.txt,/Users/yuping/Downloads/git/jk2bt-main/jkcode/jkcode/33 最适合上班族的策略-神奇公式策略.txt,依赖ML库策略; 期货/股指策略,是,是,是,否,日线,期货/股指,单账户,sklearn; pandas; talib; scipy; numpy,523,valid,
33 胜率88.9%之君正集团策略-大阳分歧反包.txt,/Users/yuping/Downloads/git/jk2bt-main/jkcode/jkcode/33 胜率88.9%之君正集团策略-大阳分歧反包.txt,分钟级/日内策略; 依赖文件资源策略; 期货/股指策略,是,否,否,是,分钟级,期货/股指,单账户,,193,missing_api,missing_api
34 【回撤二波2.0】透过一次过拟合的机器学习摸底策略的收益上限.txt,/Users/yuping/Downloads/git/jk2bt-main/jkcode/jkcode/34 【回撤二波2.0】透过一次过拟合的机器学习摸底策略的收益上限.txt,依赖ML库策略; 研究说明/非策略文档; 期货/股指策略; 分钟级/日内策略; 依赖文件资源策略,否,是,是,是,分钟级,期货/股指,单账户,lightgbm,285,valid,
34 十年回测 年化103.32% 最大回撤23.89%.txt,/Users/yuping/Downloads/git/jk2bt-main/jkcode/jkcode/34 十年回测 年化103.32% 最大回撤23.89%.txt,依赖ML库策略; 期货/股指策略,是,是,是,否,日线,期货/股指,单账户,pandas; numpy,327,valid,
34 趋势交易5.0 无择时-2年5倍不是梦.txt,/Users/yuping/Downloads/git/jk2bt-main/jkcode/jkcode/34 趋势交易5.0 无择时-2年5倍不是梦.txt,依赖ML库策略; 依赖文件资源策略; 期货/股指策略,是,是,是,是,日线,期货/股指,单账户,scipy,143,valid,
34 韶华研究之十八 首板低开201系列.txt,/Users/yuping/Downloads/git/jk2bt-main/jkcode/jkcode/34 韶华研究之十八 首板低开201系列.txt,依赖ML库策略; 研究说明/非策略文档; 期货/股指策略; 分钟级/日内策略; 依赖文件资源策略,否,否,是,是,分钟级,期货/股指,单账户,sklearn; pandas; numpy,492,not_strategy,非策略文件（研究文档/配套资料）
"35 【菜场大妈】股息率小市值策略,10年206倍,5年10.8倍.txt","/Users/yuping/Downloads/git/jk2bt-main/jkcode/jkcode/35 【菜场大妈】股息率小市值策略,10年206倍,5年10.8倍.txt",依赖ML库策略; 期货/股指策略,是,是,是,否,日线,期货/股指,单账户,pandas,289,valid,
35 小市值市场轮动版 5年12倍.txt,/Users/yuping/Downloads/git/jk2bt-main/jkcode/jkcode/35 小市值市场轮动版 5年12倍.txt,依赖ML库策略; 分钟级/日内策略; 期货/股指策略,是,是,是,否,分钟级,期货/股指,单账户,pandas; statsmodels; numpy,350,valid,
35 精选价值策略.txt,/Users/yuping/Downloads/git/jk2bt-main/jkcode/jkcode/35 精选价值策略.txt,依赖ML库策略; 依赖文件资源策略; 期货/股指策略,是,是,是,是,日线,期货/股指,单账户,pandas; numpy,357,valid,
35 自适应量化终极算法2.0 （全新升级）.txt,/Users/yuping/Downloads/git/jk2bt-main/jkcode/jkcode/35 自适应量化终极算法2.0 （全新升级）.txt,依赖ML库策略; 期货/股指策略,是,是,是,否,日线,期货/股指,单账户,sklearn; pandas; numpy,317,valid,
35 超稳+翻倍，贝塔值只有0.048的期指策略.txt,/Users/yuping/Downloads/git/jk2bt-main/jkcode/jkcode/35 超稳+翻倍，贝塔值只有0.048的期指策略.txt,依赖ML库策略; ETF策略; 期货/股指策略; 分钟级/日内策略; 多账户/子账户策略; 依赖文件资源策略,是,否,是,是,分钟级,ETF,多账户,pandas; talib; numpy,404,missing_api,missing_api
"36 【菜场大妈】股息率小市值策略,10年206倍,5年10.8倍.txt","/Users/yuping/Downloads/git/jk2bt-main/jkcode/jkcode/36 【菜场大妈】股息率小市值策略,10年206倍,5年10.8倍.txt",依赖ML库策略; 期货/股指策略,是,是,是,否,日线,期货/股指,单账户,pandas,290,valid,
36 快过年了。不想呆在小市值的，可以拿这个策略躲一躲.txt,/Users/yuping/Downloads/git/jk2bt-main/jkcode/jkcode/36 快过年了。不想呆在小市值的，可以拿这个策略躲一躲.txt,依赖ML库策略; 期货/股指策略,是,是,是,否,日线,期货/股指,单账户,pandas; talib; numpy,217,valid,
36 最简强者恒强策略.txt,/Users/yuping/Downloads/git/jk2bt-main/jkcode/jkcode/36 最简强者恒强策略.txt,依赖ML库策略; 依赖文件资源策略; 期货/股指策略,是,是,是,是,日线,期货/股指,单账户,pandas,80,valid,
36 致敬市场(6) ，指数期货贴水.txt,/Users/yuping/Downloads/git/jk2bt-main/jkcode/jkcode/36 致敬市场(6) ，指数期货贴水.txt,依赖ML库策略; 多账户/子账户策略; 期货/股指策略,是,否,是,否,日线,期货/股指,多账户,pandas,71,missing_api,missing_api
37 PEG+EBIT对小市值因子的优化.txt,/Users/yuping/Downloads/git/jk2bt-main/jkcode/jkcode/37 PEG+EBIT对小市值因子的优化.txt,依赖ML库策略; 期货/股指策略,是,是,是,否,日线,期货/股指,单账户,pandas; numpy,192,valid,
37 三阳三阴战法.txt,/Users/yuping/Downloads/git/jk2bt-main/jkcode/jkcode/37 三阳三阴战法.txt,分钟级/日内策略; 依赖文件资源策略; 期货/股指策略,是,否,否,是,分钟级,期货/股指,单账户,,375,missing_api,missing_api
37 微盘股扩散指数双均线择时.txt,/Users/yuping/Downloads/git/jk2bt-main/jkcode/jkcode/37 微盘股扩散指数双均线择时.txt,依赖ML库策略; 依赖文件资源策略; 期货/股指策略,是,是,是,是,日线,期货/股指,单账户,pandas; talib; numpy,337,valid,
37 择时模块加风控的实际效果.txt,/Users/yuping/Downloads/git/jk2bt-main/jkcode/jkcode/37 择时模块加风控的实际效果.txt,依赖ML库策略; 分钟级/日内策略; 期货/股指策略,是,是,是,否,分钟级,期货/股指,单账户,pandas; talib; numpy,308,valid,
38 ETF动量轮动RSRS择时-魔改3-北向资金择时-再优化.txt,/Users/yuping/Downloads/git/jk2bt-main/jkcode/jkcode/38 ETF动量轮动RSRS择时-魔改3-北向资金择时-再优化.txt,依赖ML库策略; ETF策略; 期货/股指策略,是,是,是,否,日线,ETF,单账户,numpy,212,valid,
38 ETF动量轮动RSRS择时-魔改4-低通滤波.txt,/Users/yuping/Downloads/git/jk2bt-main/jkcode/jkcode/38 ETF动量轮动RSRS择时-魔改4-低通滤波.txt,依赖ML库策略; ETF策略; 期货/股指策略,是,是,是,否,日线,ETF,单账户,numpy,184,valid,
38 ETF策略之核心资产轮动（线性增加权重）.txt,/Users/yuping/Downloads/git/jk2bt-main/jkcode/jkcode/38 ETF策略之核心资产轮动（线性增加权重）.txt,依赖ML库策略; ETF策略; 期货/股指策略,是,是,是,否,日线,ETF,单账户,pandas; numpy,89,valid,
38 【回顾3】ETF策略之核心资产轮动-增强版.txt,/Users/yuping/Downloads/git/jk2bt-main/jkcode/jkcode/38 【回顾3】ETF策略之核心资产轮动-增强版.txt,研究说明/非策略文档; ETF策略; 依赖ML库策略; 期货/股指策略,否,是,是,否,日线,ETF,单账户,pandas; numpy,124,valid,
39 多因子策略（多元线性回归）.txt,/Users/yuping/Downloads/git/jk2bt-main/jkcode/jkcode/39 多因子策略（多元线性回归）.txt,依赖ML库策略; 期货/股指策略,是,是,是,否,日线,期货/股指,单账户,pandas; statsmodels; numpy,348,valid,
39 大资金强基本面优质股组合策略 收益1217% 无小市值因子.txt,/Users/yuping/Downloads/git/jk2bt-main/jkcode/jkcode/39 大资金强基本面优质股组合策略 收益1217% 无小市值因子.txt,依赖ML库策略; 期货/股指策略,是,是,是,否,日线,期货/股指,单账户,pandas; statsmodels,200,valid,
39 干积分-大小盘反复横跳V2.0.txt,/Users/yuping/Downloads/git/jk2bt-main/jkcode/jkcode/39 干积分-大小盘反复横跳V2.0.txt,依赖ML库策略; 期货/股指策略,是,是,是,否,日线,期货/股指,单账户,pandas; talib; numpy,312,valid,
39 绩优小市值量化君也-模拟交易年化333.75%.txt,/Users/yuping/Downloads/git/jk2bt-main/jkcode/jkcode/39 绩优小市值量化君也-模拟交易年化333.75%.txt,依赖ML库策略; 期货/股指策略,是,是,是,否,日线,期货/股指,单账户,pandas; numpy,153,valid,
39 随机森林策略，低换手率，年化近50%.txt,/Users/yuping/Downloads/git/jk2bt-main/jkcode/jkcode/39 随机森林策略，低换手率，年化近50%.txt,依赖ML库策略; 依赖文件资源策略; 期货/股指策略,是,是,是,是,日线,期货/股指,单账户,pandas; numpy,92,valid,
40 RSI学习贴.txt,/Users/yuping/Downloads/git/jk2bt-main/jkcode/jkcode/40 RSI学习贴.txt,研究说明/非策略文档; 依赖ML库策略; 期货/股指策略,否,是,是,否,日线,期货/股指,单账户,pandas; talib; statsmodels; numpy,160,valid,
40 低风险高收益的期货策略.txt,/Users/yuping/Downloads/git/jk2bt-main/jkcode/jkcode/40 低风险高收益的期货策略.txt,依赖ML库策略; 多账户/子账户策略; 依赖文件资源策略; 期货/股指策略,是,是,是,是,日线,期货/股指,多账户,pandas; talib; numpy,205,valid,
40 穿越牛熊 稳健高收益 年化37.txt,/Users/yuping/Downloads/git/jk2bt-main/jkcode/jkcode/40 穿越牛熊 稳健高收益 年化37.txt,期货/股指策略,是,是,否,否,日线,期货/股指,单账户,,81,valid,
40 高股息策略.txt,/Users/yuping/Downloads/git/jk2bt-main/jkcode/jkcode/40 高股息策略.txt,依赖ML库策略; 期货/股指策略,是,是,是,否,日线,期货/股指,单账户,pandas,210,valid,
41 SVR机器学习上证综指择时中小板财务选股策略.txt,/Users/yuping/Downloads/git/jk2bt-main/jkcode/jkcode/41 SVR机器学习上证综指择时中小板财务选股策略.txt,研究说明/非策略文档; ETF策略; 依赖ML库策略; 期货/股指策略,否,是,是,否,日线,ETF,单账户,sklearn; pandas; statsmodels; numpy,318,valid,
41 人工智能强化学习DQN交易智能体策略.txt,/Users/yuping/Downloads/git/jk2bt-main/jkcode/jkcode/41 人工智能强化学习DQN交易智能体策略.txt,研究说明/非策略文档; 依赖ML库策略; 依赖文件资源策略; 期货/股指策略,否,是,是,是,日线,期货/股指,单账户,pandas; torch; numpy,139,valid,
41 再改进可实盘-默默赚钱系列-风险控制-增强版本-V5.0.txt,/Users/yuping/Downloads/git/jk2bt-main/jkcode/jkcode/41 再改进可实盘-默默赚钱系列-风险控制-增强版本-V5.0.txt,依赖ML库策略; 期货/股指策略,是,是,是,否,日线,期货/股指,单账户,scipy; numpy,142,valid,
41 均线黏合，突破前三十个交易日最高点选股法.txt,/Users/yuping/Downloads/git/jk2bt-main/jkcode/jkcode/41 均线黏合，突破前三十个交易日最高点选股法.txt,依赖ML库策略; 依赖文件资源策略; 期货/股指策略,是,是,是,是,日线,期货/股指,单账户,pandas; numpy,266,valid,
41 配套资料.txt,/Users/yuping/Downloads/git/jk2bt-main/jkcode/jkcode/41 配套资料.txt,研究说明/非策略文档,否,否,否,否,日线,股票,单账户,,5,not_strategy,非策略文件（研究文档/配套资料）
42 国九条：三年分红5千万以下且占净利润30%以下将被ST.txt,/Users/yuping/Downloads/git/jk2bt-main/jkcode/jkcode/42 国九条：三年分红5千万以下且占净利润30%以下将被ST.txt,依赖ML库策略; 期货/股指策略,是,是,是,否,日线,期货/股指,单账户,pandas; numpy,474,valid,
42 大盘ETF动量轮动 RSRS择时策略-无纳指（5年半861%）.txt,/Users/yuping/Downloads/git/jk2bt-main/jkcode/jkcode/42 大盘ETF动量轮动 RSRS择时策略-无纳指（5年半861%）.txt,依赖ML库策略; ETF策略; 分钟级/日内策略; 期货/股指策略,是,是,是,否,分钟级,ETF,单账户,statsmodels; numpy,315,valid,
42 实盘出现的问题和解决办法.txt,/Users/yuping/Downloads/git/jk2bt-main/jkcode/jkcode/42 实盘出现的问题和解决办法.txt,期货/股指策略,是,是,否,否,日线,期货/股指,单账户,,330,valid,
42 市值，研发支出，roe，三因子，跑赢大盘.txt,/Users/yuping/Downloads/git/jk2bt-main/jkcode/jkcode/42 市值，研发支出，roe，三因子，跑赢大盘.txt,依赖ML库策略; 期货/股指策略,是,是,是,否,日线,期货/股指,单账户,talib,346,valid,
43 小市值再优化【年化98% 胜率69% 回撤27%】无未来函数.txt,/Users/yuping/Downloads/git/jk2bt-main/jkcode/jkcode/43 小市值再优化【年化98% 胜率69% 回撤27%】无未来函数.txt,依赖ML库策略; ETF策略; 期货/股指策略,是,是,是,否,日线,ETF,单账户,pandas; numpy,285,valid,
43 窄基ETF轮动：年化收益82.68%，最大回撤13.54%.txt,/Users/yuping/Downloads/git/jk2bt-main/jkcode/jkcode/43 窄基ETF轮动：年化收益82.68%，最大回撤13.54%.txt,依赖ML库策略; ETF策略; 期货/股指策略,是,是,是,否,日线,ETF,单账户,pandas; numpy,104,valid,
44 兼顾业绩增长和PEG指标的5因子股票策略.txt,/Users/yuping/Downloads/git/jk2bt-main/jkcode/jkcode/44 兼顾业绩增长和PEG指标的5因子股票策略.txt,依赖ML库策略; 期货/股指策略,是,是,是,否,日线,期货/股指,单账户,pandas; numpy,338,valid,
44 国九条 年化130.74% 回撤11% 众神Debug版.txt,/Users/yuping/Downloads/git/jk2bt-main/jkcode/jkcode/44 国九条 年化130.74% 回撤11% 众神Debug版.txt,依赖ML库策略; ETF策略; 期货/股指策略,是,是,是,否,日线,ETF,单账户,pandas; numpy,423,valid,
44 最易上手的网格策略v2.0，设置几个参数就可以直接使用.txt,/Users/yuping/Downloads/git/jk2bt-main/jkcode/jkcode/44 最易上手的网格策略v2.0，设置几个参数就可以直接使用.txt,ETF策略; 分钟级/日内策略; 期货/股指策略,是,是,否,否,分钟级,ETF,单账户,,249,valid,
44 集合竞价摸奖策略1.0-致敬2022.txt,/Users/yuping/Downloads/git/jk2bt-main/jkcode/jkcode/44 集合竞价摸奖策略1.0-致敬2022.txt,依赖ML库策略; 期货/股指策略; 分钟级/日内策略; 多账户/子账户策略; 依赖文件资源策略,是,否,是,是,分钟级,期货/股指,多账户,talib; scipy,314,missing_api,missing_api
"45 价值投资+期货对冲V4.0,无惧市场大跌.txt","/Users/yuping/Downloads/git/jk2bt-main/jkcode/jkcode/45 价值投资+期货对冲V4.0,无惧市场大跌.txt",依赖ML库策略; 多账户/子账户策略; 期货/股指策略,是,否,是,否,日线,期货/股指,多账户,pandas; numpy,355,missing_api,missing_api
45 此消彼长.txt,/Users/yuping/Downloads/git/jk2bt-main/jkcode/jkcode/45 此消彼长.txt,依赖ML库策略; 期货/股指策略,是,是,是,否,日线,期货/股指,单账户,pandas; numpy,241,valid,
45 海龟突破系统，19-21年化150，无未来函数和过拟合.txt,/Users/yuping/Downloads/git/jk2bt-main/jkcode/jkcode/45 海龟突破系统，19-21年化150，无未来函数和过拟合.txt,依赖ML库策略; 期货/股指策略,是,是,是,否,日线,期货/股指,单账户,pandas,103,valid,
45 真真正正的诚意之作-2021超十倍.txt,/Users/yuping/Downloads/git/jk2bt-main/jkcode/jkcode/45 真真正正的诚意之作-2021超十倍.txt,依赖ML库策略; 依赖文件资源策略; 期货/股指策略,是,是,是,是,日线,期货/股指,单账户,pandas,227,valid,
46 【深度解析 四】聚宽三因子基本面周线模型策略.txt,/Users/yuping/Downloads/git/jk2bt-main/jkcode/jkcode/46 【深度解析 四】聚宽三因子基本面周线模型策略.txt,依赖ML库策略; 研究说明/非策略文档; ETF策略; 期货/股指策略; 分钟级/日内策略,否,是,是,否,分钟级,ETF,单账户,pandas,724,valid,
46 大盘股也能穿越牛熊市.txt,/Users/yuping/Downloads/git/jk2bt-main/jkcode/jkcode/46 大盘股也能穿越牛熊市.txt,依赖ML库策略; 期货/股指策略,是,是,是,否,日线,期货/股指,单账户,talib; numpy,563,valid,
46 敢于直接实盘的—八仙过海V2.txt,/Users/yuping/Downloads/git/jk2bt-main/jkcode/jkcode/46 敢于直接实盘的—八仙过海V2.txt,依赖ML库策略; ETF策略; 依赖文件资源策略; 期货/股指策略,是,是,是,是,日线,ETF,单账户,pandas; talib,260,valid,
46 韶华研究之十二--还算可以的竞价研究.txt,/Users/yuping/Downloads/git/jk2bt-main/jkcode/jkcode/46 韶华研究之十二--还算可以的竞价研究.txt,研究说明/非策略文档; 依赖ML库策略; 依赖文件资源策略; 期货/股指策略,否,否,是,是,日线,期货/股指,单账户,sklearn; pandas; numpy,443,not_strategy,非策略文件（研究文档/配套资料）
46 高增股池小市值轮动.txt,/Users/yuping/Downloads/git/jk2bt-main/jkcode/jkcode/46 高增股池小市值轮动.txt,依赖ML库策略; 期货/股指策略,是,是,是,否,日线,期货/股指,单账户,pandas; numpy,241,valid,
47 别人恐惧我贪婪——重视大盘择时.txt,/Users/yuping/Downloads/git/jk2bt-main/jkcode/jkcode/47 别人恐惧我贪婪——重视大盘择时.txt,分钟级/日内策略; 依赖文件资源策略; 期货/股指策略,是,是,否,是,分钟级,期货/股指,单账户,,141,valid,
47 多策略整合大E小十年百倍（年化64%回撤28%）.txt,/Users/yuping/Downloads/git/jk2bt-main/jkcode/jkcode/47 多策略整合大E小十年百倍（年化64%回撤28%）.txt,依赖ML库策略; ETF策略; 期货/股指策略; 分钟级/日内策略; 多账户/子账户策略; 依赖文件资源策略,是,是,是,是,分钟级,ETF,多账户,pandas; numpy,700,valid,
47 年化46%的北向资金+20日涨幅的创业板策略.txt,/Users/yuping/Downloads/git/jk2bt-main/jkcode/jkcode/47 年化46%的北向资金+20日涨幅的创业板策略.txt,ETF策略; 依赖文件资源策略; 期货/股指策略,是,是,否,是,日线,ETF,单账户,,143,valid,
47 随机森林量价多因子选股短线交易机器学习.txt,/Users/yuping/Downloads/git/jk2bt-main/jkcode/jkcode/47 随机森林量价多因子选股短线交易机器学习.txt,研究说明/非策略文档; 依赖ML库策略; 依赖文件资源策略; 期货/股指策略,否,是,是,是,日线,期货/股指,单账户,pandas; numpy,187,valid,
47 高收益低回撤的小市值策略.txt,/Users/yuping/Downloads/git/jk2bt-main/jkcode/jkcode/47 高收益低回撤的小市值策略.txt,依赖ML库策略; 期货/股指策略,是,是,是,否,日线,期货/股指,单账户,talib,277,valid,
48 一种宏观数据的中长线策略，年化15%，最大回撤9%.txt,/Users/yuping/Downloads/git/jk2bt-main/jkcode/jkcode/48 一种宏观数据的中长线策略，年化15%，最大回撤9%.txt,依赖ML库策略; ETF策略; 期货/股指策略,是,是,是,否,日线,ETF,单账户,pandas; scipy; numpy,288,valid,
48 低代码迁移成本的实盘方案：jqtrade+one quant.txt,/Users/yuping/Downloads/git/jk2bt-main/jkcode/jkcode/48 低代码迁移成本的实盘方案：jqtrade+one quant.txt,研究说明/非策略文档; 依赖ML库策略; 依赖文件资源策略; 期货/股指策略,否,否,是,是,日线,期货/股指,单账户,pandas,149,no_initialize,no_initialize
48 动量ETF轮动-RSRS择时-卡尔曼滤波.txt,/Users/yuping/Downloads/git/jk2bt-main/jkcode/jkcode/48 动量ETF轮动-RSRS择时-卡尔曼滤波.txt,依赖ML库策略; ETF策略; 期货/股指策略,是,是,是,否,日线,ETF,单账户,numpy,191,valid,
48 投资回报率ROIC中等市值.txt,/Users/yuping/Downloads/git/jk2bt-main/jkcode/jkcode/48 投资回报率ROIC中等市值.txt,依赖ML库策略; 期货/股指策略,是,是,是,否,日线,期货/股指,单账户,pandas; numpy,150,valid,
48 研究 聚宽高手文章300篇列表.txt,/Users/yuping/Downloads/git/jk2bt-main/jkcode/jkcode/48 研究 聚宽高手文章300篇列表.txt,研究说明/非策略文档,否,否,否,否,日线,股票,单账户,,7,not_strategy,非策略文件（研究文档/配套资料）
48 配套资料.txt,/Users/yuping/Downloads/git/jk2bt-main/jkcode/jkcode/48 配套资料.txt,研究说明/非策略文档,否,否,否,否,日线,股票,单账户,,2,not_strategy,非策略文件（研究文档/配套资料）
49 【漂亮50 2.0止损版本】为了降低回撤，加入择时止损模块.txt,/Users/yuping/Downloads/git/jk2bt-main/jkcode/jkcode/49 【漂亮50 2.0止损版本】为了降低回撤，加入择时止损模块.txt,依赖ML库策略; 期货/股指策略,是,是,是,否,日线,期货/股指,单账户,pandas; numpy,350,valid,
49 修改成一创版本.txt,/Users/yuping/Downloads/git/jk2bt-main/jkcode/jkcode/49 修改成一创版本.txt,依赖ML库策略; 分钟级/日内策略; 期货/股指策略,是,是,是,否,分钟级,期货/股指,单账户,pandas; statsmodels; numpy,427,valid,
49 动量策略年化62%.txt,/Users/yuping/Downloads/git/jk2bt-main/jkcode/jkcode/49 动量策略年化62%.txt,依赖ML库策略; 依赖文件资源策略; 期货/股指策略,是,是,是,是,日线,期货/股指,单账户,pandas; numpy,146,valid,
49 根据北上资金买股票的最佳持股时间探讨.txt,/Users/yuping/Downloads/git/jk2bt-main/jkcode/jkcode/49 根据北上资金买股票的最佳持股时间探讨.txt,研究说明/非策略文档; 多账户/子账户策略; 依赖ML库策略; 期货/股指策略,否,否,是,否,日线,期货/股指,多账户,pandas; talib,175,syntax_error,语法错误: Missing parentheses in call to 'print'. Did you mean print('前%d个交易日港资（北向资金）净买额最高的股票：\n'%g.nday)? (行 39)
50 ETF动量轮动RSRS择时-V2.1.txt,/Users/yuping/Downloads/git/jk2bt-main/jkcode/jkcode/50 ETF动量轮动RSRS择时-V2.1.txt,依赖ML库策略; ETF策略; 分钟级/日内策略; 期货/股指策略,是,是,是,否,分钟级,ETF,单账户,statsmodels; numpy,241,valid,
50 【7日趋势】短线交易策略.txt,/Users/yuping/Downloads/git/jk2bt-main/jkcode/jkcode/50 【7日趋势】短线交易策略.txt,依赖ML库策略; 分钟级/日内策略; 期货/股指策略,是,是,是,否,分钟级,期货/股指,单账户,pandas; talib; numpy,425,valid,
50 分享一种K线小碎步后突破的分钟级打法.txt,/Users/yuping/Downloads/git/jk2bt-main/jkcode/jkcode/50 分享一种K线小碎步后突破的分钟级打法.txt,依赖ML库策略; 分钟级/日内策略; 依赖文件资源策略; 期货/股指策略,是,是,是,是,分钟级,期货/股指,单账户,pandas,564,valid,
50 基本面策略，一种新思路，超额376%.txt,/Users/yuping/Downloads/git/jk2bt-main/jkcode/jkcode/50 基本面策略，一种新思路，超额376%.txt,依赖ML库策略; 分钟级/日内策略; 期货/股指策略,是,是,是,否,分钟级,期货/股指,单账户,statsmodels,261,valid,
50 昨日炸板股策略.txt,/Users/yuping/Downloads/git/jk2bt-main/jkcode/jkcode/50 昨日炸板股策略.txt,依赖ML库策略; 分钟级/日内策略; 依赖文件资源策略; 期货/股指策略,是,是,是,是,分钟级,期货/股指,单账户,talib,224,valid,
51 “四大搅屎棍策略”学习笔记-有魔改.txt,/Users/yuping/Downloads/git/jk2bt-main/jkcode/jkcode/51 “四大搅屎棍策略”学习笔记-有魔改.txt,研究说明/非策略文档; 依赖ML库策略; 期货/股指策略,否,否,是,否,日线,期货/股指,单账户,pandas; talib; numpy,343,not_strategy,非策略文件（研究文档/配套资料）
51 北上资金持股比选股策略（北向港资外资）.txt,/Users/yuping/Downloads/git/jk2bt-main/jkcode/jkcode/51 北上资金持股比选股策略（北向港资外资）.txt,依赖ML库策略; 分钟级/日内策略; 期货/股指策略,是,是,是,否,分钟级,期货/股指,单账户,pandas,202,valid,
51 缠论交易策略.txt,/Users/yuping/Downloads/git/jk2bt-main/jkcode/jkcode/51 缠论交易策略.txt,依赖ML库策略; 依赖文件资源策略; 期货/股指策略,是,是,是,是,日线,期货/股指,单账户,numpy,584,valid,
51 行业反转效应（年化32%，回撤8%）.txt,/Users/yuping/Downloads/git/jk2bt-main/jkcode/jkcode/51 行业反转效应（年化32%，回撤8%）.txt,依赖ML库策略; ETF策略; 期货/股指策略,是,是,是,否,日线,ETF,单账户,pandas; scipy; numpy,281,valid,
51 配套资料.txt,/Users/yuping/Downloads/git/jk2bt-main/jkcode/jkcode/51 配套资料.txt,股票策略; 研究说明/非策略文档,否,否,否,否,日线,股票,单账户,,5,not_strategy,非策略文件（研究文档/配套资料）
52 增强型投资组合优化（EPO）方法研究.txt,/Users/yuping/Downloads/git/jk2bt-main/jkcode/jkcode/52 增强型投资组合优化（EPO）方法研究.txt,研究说明/非策略文档; ETF策略; 依赖ML库策略; 期货/股指策略,否,否,是,否,日线,ETF,单账户,pandas; scipy; numpy,106,not_strategy,非策略文件（研究文档/配套资料）
52 机器学习滚动训练价投策略.txt,/Users/yuping/Downloads/git/jk2bt-main/jkcode/jkcode/52 机器学习滚动训练价投策略.txt,研究说明/非策略文档; 依赖ML库策略; 期货/股指策略,否,是,是,否,日线,期货/股指,单账户,sklearn; pandas; xgboost; numpy,209,valid,
52 根据北上资金买A股策略Python3版（北向港资外资）.txt,/Users/yuping/Downloads/git/jk2bt-main/jkcode/jkcode/52 根据北上资金买A股策略Python3版（北向港资外资）.txt,依赖ML库策略; 多账户/子账户策略; 期货/股指策略,是,是,是,否,日线,期货/股指,多账户,pandas; talib,147,valid,
52 龙头战法之单阳不破.txt,/Users/yuping/Downloads/git/jk2bt-main/jkcode/jkcode/52 龙头战法之单阳不破.txt,分钟级/日内策略; 期货/股指策略,是,是,否,否,分钟级,期货/股指,单账户,,308,valid,
"53 TSmall-100, 微盘三正.txt","/Users/yuping/Downloads/git/jk2bt-main/jkcode/jkcode/53 TSmall-100, 微盘三正.txt",依赖ML库策略; 期货/股指策略,是,是,是,否,日线,期货/股指,单账户,pandas,100,valid,
53 基于大盘PE标准差偏离度的聪明基金定投策略.txt,/Users/yuping/Downloads/git/jk2bt-main/jkcode/jkcode/53 基于大盘PE标准差偏离度的聪明基金定投策略.txt,依赖ML库策略; ETF策略; 期货/股指策略; 多账户/子账户策略; 依赖文件资源策略,是,是,是,是,日线,ETF,多账户,numpy,239,valid,
53 微盘股400每日轮动再平衡.txt,/Users/yuping/Downloads/git/jk2bt-main/jkcode/jkcode/53 微盘股400每日轮动再平衡.txt,期货/股指策略,是,是,否,否,日线,期货/股指,单账户,,66,valid,
53 筹码选股.txt,/Users/yuping/Downloads/git/jk2bt-main/jkcode/jkcode/53 筹码选股.txt,依赖ML库策略; 期货/股指策略,是,是,是,否,日线,期货/股指,单账户,pandas,288,valid,
53 超跌网格交易大法V1.2：稳健跑赢大盘-年化13%回撤7%.txt,/Users/yuping/Downloads/git/jk2bt-main/jkcode/jkcode/53 超跌网格交易大法V1.2：稳健跑赢大盘-年化13%回撤7%.txt,依赖ML库策略; 期货/股指策略,是,是,是,否,日线,期货/股指,单账户,pandas; numpy,904,valid,
54 sales_growth今年最优版.txt,/Users/yuping/Downloads/git/jk2bt-main/jkcode/jkcode/54 sales_growth今年最优版.txt,依赖ML库策略; 依赖文件资源策略; 期货/股指策略,是,是,是,是,日线,期货/股指,单账户,pandas; numpy,252,valid,
54 价值投资策略-大盘择时.txt,/Users/yuping/Downloads/git/jk2bt-main/jkcode/jkcode/54 价值投资策略-大盘择时.txt,依赖ML库策略; 依赖文件资源策略; 期货/股指策略,是,是,是,是,日线,期货/股指,单账户,talib,404,valid,
54 养花大哥 追市场热点策略.txt,/Users/yuping/Downloads/git/jk2bt-main/jkcode/jkcode/54 养花大哥 追市场热点策略.txt,依赖ML库策略; 期货/股指策略,是,是,是,否,日线,期货/股指,单账户,pandas,315,valid,
54 发一个学习策略5年70倍，思路可以学习.txt,/Users/yuping/Downloads/git/jk2bt-main/jkcode/jkcode/54 发一个学习策略5年70倍，思路可以学习.txt,研究说明/非策略文档; 分钟级/日内策略; 依赖ML库策略; 期货/股指策略,否,是,是,否,分钟级,期货/股指,单账户,pandas; talib; numpy,199,valid,
55 ETF轮动策略-入门1.0.txt,/Users/yuping/Downloads/git/jk2bt-main/jkcode/jkcode/55 ETF轮动策略-入门1.0.txt,依赖ML库策略; ETF策略; 期货/股指策略,是,是,是,否,日线,ETF,单账户,numpy,292,valid,
55 价值投资改进版-6年9.5倍.txt,/Users/yuping/Downloads/git/jk2bt-main/jkcode/jkcode/55 价值投资改进版-6年9.5倍.txt,依赖ML库策略; 依赖文件资源策略; 期货/股指策略,是,是,是,是,日线,期货/股指,单账户,pandas; numpy,283,valid,
55 大市值价值投资加自定义邮箱推送 Ahfu.txt,/Users/yuping/Downloads/git/jk2bt-main/jkcode/jkcode/55 大市值价值投资加自定义邮箱推送 Ahfu.txt,依赖文件资源策略; 期货/股指策略,是,是,否,是,日线,期货/股指,单账户,,297,valid,
55 怎么让龟速变奔跑？以“首版突破一进二”为例.txt,/Users/yuping/Downloads/git/jk2bt-main/jkcode/jkcode/55 怎么让龟速变奔跑？以“首版突破一进二”为例.txt,分钟级/日内策略; 依赖文件资源策略; 期货/股指策略,是,是,否,是,分钟级,期货/股指,单账户,,191,valid,
56 一创PEG+EBIT+turnover_volatility.txt,/Users/yuping/Downloads/git/jk2bt-main/jkcode/jkcode/56 一创PEG+EBIT+turnover_volatility.txt,依赖ML库策略; 期货/股指策略,是,是,是,否,日线,期货/股指,单账户,pandas; numpy,245,valid,
56 分享券商金股组合增强.txt,/Users/yuping/Downloads/git/jk2bt-main/jkcode/jkcode/56 分享券商金股组合增强.txt,依赖ML库策略; 分钟级/日内策略; 依赖文件资源策略; 期货/股指策略,是,是,是,是,分钟级,期货/股指,单账户,sklearn; pandas; scipy; statsmodels; numpy,1159,valid,
56 双人工智能AI配合，样本外夏普3.9.txt,/Users/yuping/Downloads/git/jk2bt-main/jkcode/jkcode/56 双人工智能AI配合，样本外夏普3.9.txt,依赖ML库策略; 依赖文件资源策略; 期货/股指策略,是,是,是,是,日线,期货/股指,单账户,pandas; xgboost; torch; numpy,474,valid,
56 基于趋势、拥挤、景气的行业轮动，及行业强势个股的选择.txt,/Users/yuping/Downloads/git/jk2bt-main/jkcode/jkcode/56 基于趋势、拥挤、景气的行业轮动，及行业强势个股的选择.txt,依赖ML库策略; 依赖文件资源策略; 期货/股指策略,是,是,是,是,日线,期货/股指,单账户,pandas,291,valid,
56 大盘一路向上时，追总龙头2个月3倍.txt,/Users/yuping/Downloads/git/jk2bt-main/jkcode/jkcode/56 大盘一路向上时，追总龙头2个月3倍.txt,依赖ML库策略; 分钟级/日内策略; 依赖文件资源策略; 期货/股指策略,是,是,是,是,分钟级,期货/股指,单账户,sklearn; pandas; numpy,170,valid,
57 别人恐惧我贪婪3——年化20%的股债组合.txt,/Users/yuping/Downloads/git/jk2bt-main/jkcode/jkcode/57 别人恐惧我贪婪3——年化20%的股债组合.txt,ETF策略; 分钟级/日内策略; 依赖文件资源策略; 期货/股指策略,是,是,否,是,分钟级,ETF,单账户,,135,valid,
57 股指期货套利，这段时间都没有交易分享给大家.txt,/Users/yuping/Downloads/git/jk2bt-main/jkcode/jkcode/57 股指期货套利，这段时间都没有交易分享给大家.txt,依赖ML库策略; 期货/股指策略; 分钟级/日内策略; 多账户/子账户策略; 依赖文件资源策略,是,是,是,是,分钟级,期货/股指,多账户,numpy,169,valid,
57 配套资料.txt,/Users/yuping/Downloads/git/jk2bt-main/jkcode/jkcode/57 配套资料.txt,研究说明/非策略文档,否,否,否,否,日线,股票,单账户,,1,not_strategy,非策略文件（研究文档/配套资料）
"57 韶华研究之五-ETF轮动,躺赚,夏普2.txt","/Users/yuping/Downloads/git/jk2bt-main/jkcode/jkcode/57 韶华研究之五-ETF轮动,躺赚,夏普2.txt",研究说明/非策略文档; ETF策略; 期货/股指策略; 分钟级/日内策略; 依赖文件资源策略,否,否,否,是,分钟级,ETF,单账户,,336,not_strategy,非策略文件（研究文档/配套资料）
57 韶华研究之十八，201系列.txt,/Users/yuping/Downloads/git/jk2bt-main/jkcode/jkcode/57 韶华研究之十八，201系列.txt,依赖ML库策略; 研究说明/非策略文档; 期货/股指策略; 分钟级/日内策略; 依赖文件资源策略,否,否,是,是,分钟级,期货/股指,单账户,sklearn; pandas; numpy,490,not_strategy,非策略文件（研究文档/配套资料）
58 Debug-输出信息-多标的版ETF策略(ETF复现之三）.txt,/Users/yuping/Downloads/git/jk2bt-main/jkcode/jkcode/58 Debug-输出信息-多标的版ETF策略(ETF复现之三）.txt,依赖ML库策略; ETF策略; 分钟级/日内策略; 期货/股指策略,是,是,是,否,分钟级,ETF,单账户,pandas; talib,162,valid,
58 ETF动量轮动RSRS与北上择时-股债平衡-盘中止损.txt,/Users/yuping/Downloads/git/jk2bt-main/jkcode/jkcode/58 ETF动量轮动RSRS与北上择时-股债平衡-盘中止损.txt,依赖ML库策略; ETF策略; 分钟级/日内策略; 期货/股指策略,是,是,是,否,分钟级,ETF,单账户,statsmodels; numpy,340,valid,
58 严格资金管理，股指期货套利.txt,/Users/yuping/Downloads/git/jk2bt-main/jkcode/jkcode/58 严格资金管理，股指期货套利.txt,依赖ML库策略; 期货/股指策略; 分钟级/日内策略; 多账户/子账户策略; 依赖文件资源策略,是,是,是,是,分钟级,期货/股指,多账户,numpy,169,valid,
"58 融券做空,3年35倍多！已模拟2年半，动态跑盘收益惊人！.txt","/Users/yuping/Downloads/git/jk2bt-main/jkcode/jkcode/58 融券做空,3年35倍多！已模拟2年半，动态跑盘收益惊人！.txt",多账户/子账户策略; 依赖文件资源策略; 期货/股指策略,是,是,否,是,日线,期货/股指,多账户,,130,valid,
58 韶华研究之四-菲阿里四阶在T+1的短线策略应用.txt,/Users/yuping/Downloads/git/jk2bt-main/jkcode/jkcode/58 韶华研究之四-菲阿里四阶在T+1的短线策略应用.txt,依赖ML库策略; 研究说明/非策略文档; 期货/股指策略; 分钟级/日内策略; 依赖文件资源策略,否,否,是,是,分钟级,期货/股指,单账户,sklearn; pandas; numpy,326,not_strategy,非策略文件（研究文档/配套资料）
59 北向RSRS与布林带择时.txt,/Users/yuping/Downloads/git/jk2bt-main/jkcode/jkcode/59 北向RSRS与布林带择时.txt,依赖ML库策略; 依赖文件资源策略; 期货/股指策略,是,是,是,是,日线,期货/股指,单账户,pandas; statsmodels; numpy,238,valid,
59 基于Gyro^.^大神的小市值策略的因子匹配研究.txt,/Users/yuping/Downloads/git/jk2bt-main/jkcode/jkcode/59 基于Gyro^.^大神的小市值策略的因子匹配研究.txt,研究说明/非策略文档; 依赖ML库策略; 期货/股指策略,否,否,是,否,日线,期货/股指,单账户,pandas,176,not_strategy,非策略文件（研究文档/配套资料）
59 年化62%的动量策略.txt,/Users/yuping/Downloads/git/jk2bt-main/jkcode/jkcode/59 年化62%的动量策略.txt,依赖ML库策略; 依赖文件资源策略; 期货/股指策略,是,是,是,是,日线,期货/股指,单账户,pandas; numpy,145,valid,
59 追板策略，今年收益已翻倍，低操作低回撤高收益可实盘.txt,/Users/yuping/Downloads/git/jk2bt-main/jkcode/jkcode/59 追板策略，今年收益已翻倍，低操作低回撤高收益可实盘.txt,依赖ML库策略; 分钟级/日内策略; 依赖文件资源策略; 期货/股指策略,是,是,是,是,分钟级,期货/股指,单账户,pandas,442,valid,
60 ETF动量轮动RSRS择时-v2.txt,/Users/yuping/Downloads/git/jk2bt-main/jkcode/jkcode/60 ETF动量轮动RSRS择时-v2.txt,依赖ML库策略; ETF策略; 分钟级/日内策略; 期货/股指策略,是,是,是,否,分钟级,ETF,单账户,statsmodels; numpy,251,valid,
60 【深度解析 二】资产负债与ROA模型 5股.txt,/Users/yuping/Downloads/git/jk2bt-main/jkcode/jkcode/60 【深度解析 二】资产负债与ROA模型 5股.txt,研究说明/非策略文档; 分钟级/日内策略; 期货/股指策略,否,是,否,否,分钟级,期货/股指,单账户,,359,valid,
60 可能是最接近实盘的“基本面三角”.txt,/Users/yuping/Downloads/git/jk2bt-main/jkcode/jkcode/60 可能是最接近实盘的“基本面三角”.txt,研究说明/非策略文档; 依赖ML库策略; 依赖文件资源策略; 期货/股指策略,否,否,是,是,日线,期货/股指,单账户,sklearn,386,no_initialize,no_initialize
60 高股息V1.0（小程序公开股池）.txt,/Users/yuping/Downloads/git/jk2bt-main/jkcode/jkcode/60 高股息V1.0（小程序公开股池）.txt,依赖ML库策略; 期货/股指策略,是,是,是,否,日线,期货/股指,单账户,pandas; talib; numpy,287,valid,
61 BiLSTM for ETF.txt,/Users/yuping/Downloads/git/jk2bt-main/jkcode/jkcode/61 BiLSTM for ETF.txt,依赖ML库策略; ETF策略; 依赖文件资源策略; 期货/股指策略,是,是,是,是,日线,ETF,单账户,sklearn; pandas; torch; numpy,155,valid,
61 扩散指标择时.txt,/Users/yuping/Downloads/git/jk2bt-main/jkcode/jkcode/61 扩散指标择时.txt,依赖ML库策略; 期货/股指策略,是,是,是,否,日线,期货/股指,单账户,pandas; numpy,285,valid,
61 抄底神器2.0，低回撤，高成功率.txt,/Users/yuping/Downloads/git/jk2bt-main/jkcode/jkcode/61 抄底神器2.0，低回撤，高成功率.txt,依赖ML库策略; 分钟级/日内策略; 期货/股指策略,是,是,是,否,分钟级,期货/股指,单账户,pandas; numpy,174,valid,
61 简单ETF策略，年化97%.txt,/Users/yuping/Downloads/git/jk2bt-main/jkcode/jkcode/61 简单ETF策略，年化97%.txt,ETF策略; 期货/股指策略,是,是,否,否,日线,ETF,单账户,,266,valid,
61 配套资料.txt,/Users/yuping/Downloads/git/jk2bt-main/jkcode/jkcode/61 配套资料.txt,股票策略; 研究说明/非策略文档,否,否,否,否,日线,股票,单账户,,5,not_strategy,非策略文件（研究文档/配套资料）
62 分享一个最近两年非常有效的因子.txt,/Users/yuping/Downloads/git/jk2bt-main/jkcode/jkcode/62 分享一个最近两年非常有效的因子.txt,依赖文件资源策略; 期货/股指策略,是,是,否,是,日线,期货/股指,单账户,,78,valid,
62 北向资金交易能力一定强吗.txt,/Users/yuping/Downloads/git/jk2bt-main/jkcode/jkcode/62 北向资金交易能力一定强吗.txt,依赖ML库策略; ETF策略; 期货/股指策略,是,是,是,否,日线,ETF,单账户,pandas; numpy,222,valid,
62 基金溢价（模拟效果好！）.txt,/Users/yuping/Downloads/git/jk2bt-main/jkcode/jkcode/62 基金溢价（模拟效果好！）.txt,依赖ML库策略; ETF策略; 分钟级/日内策略; 期货/股指策略,是,是,是,否,分钟级,ETF,单账户,talib,241,valid,
62 研究一种K线小碎步后突破的分钟级策略.txt,/Users/yuping/Downloads/git/jk2bt-main/jkcode/jkcode/62 研究一种K线小碎步后突破的分钟级策略.txt,依赖ML库策略; 研究说明/非策略文档; 期货/股指策略; 分钟级/日内策略; 依赖文件资源策略,否,否,是,是,分钟级,期货/股指,单账户,pandas,564,not_strategy,非策略文件（研究文档/配套资料）
63 3年复合200+%收益+超低回撤11%以内，无惧大跌.txt,/Users/yuping/Downloads/git/jk2bt-main/jkcode/jkcode/63 3年复合200+%收益+超低回撤11%以内，无惧大跌.txt,依赖ML库策略; ETF策略; 期货/股指策略; 分钟级/日内策略; 依赖文件资源策略,是,是,是,是,分钟级,ETF,单账户,pandas; talib; numpy,548,valid,
63 5年12倍-小市值.txt,/Users/yuping/Downloads/git/jk2bt-main/jkcode/jkcode/63 5年12倍-小市值.txt,依赖ML库策略; 分钟级/日内策略; 期货/股指策略,是,是,是,否,分钟级,期货/股指,单账户,pandas; statsmodels; numpy,351,valid,
63 怎么让龟速变奔跑？以“首版突破一进二”为例.txt,/Users/yuping/Downloads/git/jk2bt-main/jkcode/jkcode/63 怎么让龟速变奔跑？以“首版突破一进二”为例.txt,分钟级/日内策略; 依赖文件资源策略; 期货/股指策略,是,是,否,是,分钟级,期货/股指,单账户,,194,valid,
63 生猪期货CTA策略.txt,/Users/yuping/Downloads/git/jk2bt-main/jkcode/jkcode/63 生猪期货CTA策略.txt,依赖ML库策略; 期货/股指策略; 分钟级/日内策略; 多账户/子账户策略; 依赖文件资源策略,是,是,是,是,分钟级,期货/股指,多账户,pandas; talib; numpy,494,valid,
64 ETF轮动策略升级-增加盘中止损.txt,/Users/yuping/Downloads/git/jk2bt-main/jkcode/jkcode/64 ETF轮动策略升级-增加盘中止损.txt,依赖ML库策略; ETF策略; 期货/股指策略; 分钟级/日内策略; 依赖文件资源策略,是,是,是,是,分钟级,ETF,单账户,pandas; talib,323,valid,
64 基于XGBoost_6m滚动选股全A小市值开板止盈策略.txt,/Users/yuping/Downloads/git/jk2bt-main/jkcode/jkcode/64 基于XGBoost_6m滚动选股全A小市值开板止盈策略.txt,依赖ML库策略; 分钟级/日内策略; 依赖文件资源策略; 期货/股指策略,是,是,是,是,分钟级,期货/股指,单账户,sklearn; pandas; scipy; statsmodels; xgboost; numpy,712,valid,
64 大小外择时小市值3.0.txt,/Users/yuping/Downloads/git/jk2bt-main/jkcode/jkcode/64 大小外择时小市值3.0.txt,依赖ML库策略; ETF策略; 期货/股指策略,是,是,是,否,日线,ETF,单账户,pandas; talib; numpy,547,valid,
65 低开买入小市值策略高频交易法3.0 总结.txt,/Users/yuping/Downloads/git/jk2bt-main/jkcode/jkcode/65 低开买入小市值策略高频交易法3.0 总结.txt,研究说明/非策略文档; 期货/股指策略,否,是,否,否,日线,期货/股指,单账户,,152,valid,
65 多因子指数增强.txt,/Users/yuping/Downloads/git/jk2bt-main/jkcode/jkcode/65 多因子指数增强.txt,依赖ML库策略; 依赖文件资源策略; 期货/股指策略,是,是,是,是,日线,期货/股指,单账户,pandas; numpy,94,valid,
65 搭建量化交易模型从零开始——择时，选股，仓位管理和因子分析.txt,/Users/yuping/Downloads/git/jk2bt-main/jkcode/jkcode/65 搭建量化交易模型从零开始——择时，选股，仓位管理和因子分析.txt,依赖ML库策略; 研究说明/非策略文档; 期货/股指策略; 分钟级/日内策略; 多账户/子账户策略,否,是,是,否,分钟级,期货/股指,多账户,pandas; numpy,490,valid,
65 神级策略：桥水全天候策略-7年最大回撤仅3.5%.txt,/Users/yuping/Downloads/git/jk2bt-main/jkcode/jkcode/65 神级策略：桥水全天候策略-7年最大回撤仅3.5%.txt,依赖文件资源策略; 期货/股指策略,是,是,否,是,日线,期货/股指,单账户,,475,valid,
65 韶华研究之七 不可多得的基本面三角.txt,/Users/yuping/Downloads/git/jk2bt-main/jkcode/jkcode/65 韶华研究之七 不可多得的基本面三角.txt,研究说明/非策略文档; 依赖ML库策略; 依赖文件资源策略; 期货/股指策略,否,否,是,是,日线,期货/股指,单账户,sklearn,319,not_strategy,非策略文件（研究文档/配套资料）
66 ETF动量轮动MA乖离择时.txt,/Users/yuping/Downloads/git/jk2bt-main/jkcode/jkcode/66 ETF动量轮动MA乖离择时.txt,依赖ML库策略; ETF策略; 分钟级/日内策略; 期货/股指策略,是,是,是,否,分钟级,ETF,单账户,numpy,129,valid,
66 PB-POE+双均线--加入jq以来第一个成功的交易策略.txt,/Users/yuping/Downloads/git/jk2bt-main/jkcode/jkcode/66 PB-POE+双均线--加入jq以来第一个成功的交易策略.txt,期货/股指策略,是,是,否,否,日线,期货/股指,单账户,,137,valid,
66 SVR机器学习上证综指择时中小板财务选股策略.txt,/Users/yuping/Downloads/git/jk2bt-main/jkcode/jkcode/66 SVR机器学习上证综指择时中小板财务选股策略.txt,研究说明/非策略文档; ETF策略; 依赖ML库策略; 期货/股指策略,否,是,是,否,日线,ETF,单账户,sklearn; pandas; statsmodels; numpy,318,valid,
67 RSRS择时改进-【成交量加权-钝化-右偏】.txt,/Users/yuping/Downloads/git/jk2bt-main/jkcode/jkcode/67 RSRS择时改进-【成交量加权-钝化-右偏】.txt,依赖ML库策略; 依赖文件资源策略; 期货/股指策略,是,是,是,是,日线,期货/股指,单账户,scipy; statsmodels,182,valid,
67 三因子策略年化21%简单多因子策略框架.txt,/Users/yuping/Downloads/git/jk2bt-main/jkcode/jkcode/67 三因子策略年化21%简单多因子策略框架.txt,依赖ML库策略; 依赖文件资源策略; 期货/股指策略,是,是,是,是,日线,期货/股指,单账户,pandas; numpy,139,valid,
67 回答wywy1995策略的一些问题.txt,/Users/yuping/Downloads/git/jk2bt-main/jkcode/jkcode/67 回答wywy1995策略的一些问题.txt,研究说明/非策略文档,否,否,否,否,日线,股票,单账户,,7,not_strategy,无策略函数定义
67 基于动量和反转效应的沪深300成分股策略.txt,/Users/yuping/Downloads/git/jk2bt-main/jkcode/jkcode/67 基于动量和反转效应的沪深300成分股策略.txt,期货/股指策略,是,是,否,否,日线,期货/股指,单账户,,133,valid,
67 大市值价投高股息爱国者策略（爱我中华）.txt,/Users/yuping/Downloads/git/jk2bt-main/jkcode/jkcode/67 大市值价投高股息爱国者策略（爱我中华）.txt,依赖ML库策略; 期货/股指策略,是,是,是,否,日线,期货/股指,单账户,pandas; numpy,284,valid,
68 wywy1995 首板低开策略代码优化，提快速度.txt,/Users/yuping/Downloads/git/jk2bt-main/jkcode/jkcode/68 wywy1995 首板低开策略代码优化，提快速度.txt,依赖ML库策略; 期货/股指策略,是,是,是,否,日线,期货/股指,单账户,pandas,281,valid,
68 折价基金统计套利.txt,/Users/yuping/Downloads/git/jk2bt-main/jkcode/jkcode/68 折价基金统计套利.txt,ETF策略; 期货/股指策略,是,是,否,否,日线,ETF,单账户,,161,valid,
68 胜率78%，6年36倍，今年行情依然50%年化.txt,/Users/yuping/Downloads/git/jk2bt-main/jkcode/jkcode/68 胜率78%，6年36倍，今年行情依然50%年化.txt,期货/股指策略,是,是,否,否,日线,期货/股指,单账户,,130,valid,
68 说说对ETF轮动策略的看法.txt,/Users/yuping/Downloads/git/jk2bt-main/jkcode/jkcode/68 说说对ETF轮动策略的看法.txt,依赖ML库策略; ETF策略; 依赖文件资源策略; 期货/股指策略,是,是,是,是,日线,ETF,单账户,pandas; talib,233,valid,
68 配套资料.txt,/Users/yuping/Downloads/git/jk2bt-main/jkcode/jkcode/68 配套资料.txt,研究说明/非策略文档,否,否,否,否,日线,股票,单账户,,4,not_strategy,非策略文件（研究文档/配套资料）
69 “稳定摸狗策略”学习笔记.txt,/Users/yuping/Downloads/git/jk2bt-main/jkcode/jkcode/69 “稳定摸狗策略”学习笔记.txt,研究说明/非策略文档; ETF策略; 依赖ML库策略; 期货/股指策略,否,否,是,否,日线,ETF,单账户,pandas; numpy,96,not_strategy,非策略文件（研究文档/配套资料）
69 人工智能早晨十字星模型（反转形态预测）.txt,/Users/yuping/Downloads/git/jk2bt-main/jkcode/jkcode/69 人工智能早晨十字星模型（反转形态预测）.txt,依赖ML库策略; 依赖文件资源策略; 期货/股指策略,是,是,是,是,日线,期货/股指,单账户,pandas; torch; numpy,362,valid,
69 场内基金定投价值平均增强策略，年化30%+.txt,/Users/yuping/Downloads/git/jk2bt-main/jkcode/jkcode/69 场内基金定投价值平均增强策略，年化30%+.txt,依赖ML库策略; ETF策略; 多账户/子账户策略; 期货/股指策略,是,是,是,否,日线,ETF,多账户,numpy,333,valid,
69 宽基BBI动量追涨完美避开这波大跌.txt,/Users/yuping/Downloads/git/jk2bt-main/jkcode/jkcode/69 宽基BBI动量追涨完美避开这波大跌.txt,ETF策略; 期货/股指策略,是,是,否,否,日线,ETF,单账户,,210,valid,
69 神虽顶底+趋势.txt,/Users/yuping/Downloads/git/jk2bt-main/jkcode/jkcode/69 神虽顶底+趋势.txt,依赖文件资源策略; 期货/股指策略,是,是,否,是,日线,期货/股指,单账户,,469,valid,
70 上涨股策略2020年收益123%.txt,/Users/yuping/Downloads/git/jk2bt-main/jkcode/jkcode/70 上涨股策略2020年收益123%.txt,依赖ML库策略; 期货/股指策略,是,是,是,否,日线,期货/股指,单账户,sklearn; pandas; talib; scipy; numpy,553,valid,
70 动态保形回归小市值策略改进.txt,/Users/yuping/Downloads/git/jk2bt-main/jkcode/jkcode/70 动态保形回归小市值策略改进.txt,依赖ML库策略; 多账户/子账户策略; 期货/股指策略,是,是,是,否,日线,期货/股指,多账户,sklearn; pandas; xgboost; numpy,1712,valid,
70 致敬市场(12)——赚钱的策略.txt,/Users/yuping/Downloads/git/jk2bt-main/jkcode/jkcode/70 致敬市场(12)——赚钱的策略.txt,期货/股指策略,是,是,否,否,日线,期货/股指,单账户,,56,valid,
70 超稳的股息率+均线选股策略.txt,/Users/yuping/Downloads/git/jk2bt-main/jkcode/jkcode/70 超稳的股息率+均线选股策略.txt,依赖ML库策略; 期货/股指策略,是,是,是,否,日线,期货/股指,单账户,pandas; numpy,169,valid,
70 （股票交易模板）小市值-EPS-成长因子选股.txt,/Users/yuping/Downloads/git/jk2bt-main/jkcode/jkcode/70 （股票交易模板）小市值-EPS-成长因子选股.txt,依赖文件资源策略; 期货/股指策略,是,是,否,是,日线,期货/股指,单账户,,182,valid,
71 【股指策略】【研报复现】周内与日内结合CTA.txt,/Users/yuping/Downloads/git/jk2bt-main/jkcode/jkcode/71 【股指策略】【研报复现】周内与日内结合CTA.txt,分钟级/日内策略; 多账户/子账户策略; 依赖文件资源策略; 期货/股指策略,是,否,否,是,分钟级,期货/股指,多账户,,161,missing_api,missing_api
71 回踩均线搏反弹，21年来70%..txt,/Users/yuping/Downloads/git/jk2bt-main/jkcode/jkcode/71 回踩均线搏反弹，21年来70%..txt,依赖ML库策略; 分钟级/日内策略; 期货/股指策略,是,是,是,否,分钟级,期货/股指,单账户,pandas; talib; numpy,392,valid,
71 多因子模板分位法策略，年化65%.txt,/Users/yuping/Downloads/git/jk2bt-main/jkcode/jkcode/71 多因子模板分位法策略，年化65%.txt,依赖ML库策略; 分钟级/日内策略; 期货/股指策略,是,是,是,否,分钟级,期货/股指,单账户,pandas; statsmodels; numpy,295,valid,
71 期货日内策略三价均线结合ATR指标.txt,/Users/yuping/Downloads/git/jk2bt-main/jkcode/jkcode/71 期货日内策略三价均线结合ATR指标.txt,依赖ML库策略; 期货/股指策略; 分钟级/日内策略; 多账户/子账户策略; 依赖文件资源策略,是,是,是,是,分钟级,期货/股指,多账户,pandas; talib; numpy,255,valid,
71 （乱改一版）股票加“钱粮”ETF组合.txt,/Users/yuping/Downloads/git/jk2bt-main/jkcode/jkcode/71 （乱改一版）股票加“钱粮”ETF组合.txt,依赖ML库策略; ETF策略; 期货/股指策略,是,是,是,否,日线,ETF,单账户,pandas; scipy; numpy,574,valid,
72 【回撤二波2.0】透过一次过拟合的机器学习摸底策略的收益上限.txt,/Users/yuping/Downloads/git/jk2bt-main/jkcode/jkcode/72 【回撤二波2.0】透过一次过拟合的机器学习摸底策略的收益上限.txt,依赖ML库策略; 研究说明/非策略文档; 期货/股指策略; 分钟级/日内策略; 依赖文件资源策略,否,是,是,是,分钟级,期货/股指,单账户,lightgbm,284,valid,
72 【股指期货】收盘折溢价策略.txt,/Users/yuping/Downloads/git/jk2bt-main/jkcode/jkcode/72 【股指期货】收盘折溢价策略.txt,多账户/子账户策略; 依赖文件资源策略; 期货/股指策略,是,是,否,是,日线,期货/股指,多账户,,197,valid,
72 桥水 全天候策略 增加一致性度量ES 风险控制.txt,/Users/yuping/Downloads/git/jk2bt-main/jkcode/jkcode/72 桥水 全天候策略 增加一致性度量ES 风险控制.txt,依赖文件资源策略; 期货/股指策略,是,是,否,是,日线,期货/股指,单账户,,260,valid,
72 量化进阶学习笔记——打板策略.txt,/Users/yuping/Downloads/git/jk2bt-main/jkcode/jkcode/72 量化进阶学习笔记——打板策略.txt,研究说明/非策略文档; 分钟级/日内策略; 依赖ML库策略; 期货/股指策略,否,否,是,否,分钟级,期货/股指,单账户,pandas,284,not_strategy,非策略文件（研究文档/配套资料）
72 随机森林 - 多因子模型.txt,/Users/yuping/Downloads/git/jk2bt-main/jkcode/jkcode/72 随机森林 - 多因子模型.txt,依赖ML库策略; 依赖文件资源策略; 期货/股指策略,是,是,是,是,日线,期货/股指,单账户,sklearn; pandas; talib,407,valid,
73 优化了一下宽基etf追涨的策略，值得深入研究.txt,/Users/yuping/Downloads/git/jk2bt-main/jkcode/jkcode/73 优化了一下宽基etf追涨的策略，值得深入研究.txt,研究说明/非策略文档; ETF策略; 期货/股指策略,否,否,否,否,日线,ETF,单账户,,245,not_strategy,非策略文件（研究文档/配套资料）
73 基于期权PCR与标的波动率价差的股指期货套利.txt,/Users/yuping/Downloads/git/jk2bt-main/jkcode/jkcode/73 基于期权PCR与标的波动率价差的股指期货套利.txt,依赖ML库策略; ETF策略; 期货/股指策略; 分钟级/日内策略; 多账户/子账户策略; 依赖文件资源策略,是,否,是,是,分钟级,ETF,多账户,pandas; numpy,327,missing_api,missing_api
73 实现净利润跳空策略.txt,/Users/yuping/Downloads/git/jk2bt-main/jkcode/jkcode/73 实现净利润跳空策略.txt,分钟级/日内策略; 期货/股指策略,是,是,否,否,分钟级,期货/股指,单账户,,160,valid,
73 微盘400每日再平衡.txt,/Users/yuping/Downloads/git/jk2bt-main/jkcode/jkcode/73 微盘400每日再平衡.txt,期货/股指策略,是,是,否,否,日线,期货/股指,单账户,,66,valid,
73 稳健趋势策略回测小，无未来函数.txt,/Users/yuping/Downloads/git/jk2bt-main/jkcode/jkcode/73 稳健趋势策略回测小，无未来函数.txt,期货/股指策略,是,是,否,否,日线,期货/股指,单账户,,260,valid,
74 MACD多周期共振，精准打击！.txt,/Users/yuping/Downloads/git/jk2bt-main/jkcode/jkcode/74 MACD多周期共振，精准打击！.txt,依赖ML库策略; 分钟级/日内策略; 依赖文件资源策略; 期货/股指策略,是,是,是,是,分钟级,期货/股指,单账户,pandas; talib; numpy,313,valid,
74 【动量应用V1】12年120倍，根据研报思路调整.txt,/Users/yuping/Downloads/git/jk2bt-main/jkcode/jkcode/74 【动量应用V1】12年120倍，根据研报思路调整.txt,依赖ML库策略; 依赖文件资源策略; 期货/股指策略,是,是,是,是,日线,期货/股指,单账户,pandas; numpy,232,valid,
74 主观辅助_形态识别_单边上涨策略优化v3.txt,/Users/yuping/Downloads/git/jk2bt-main/jkcode/jkcode/74 主观辅助_形态识别_单边上涨策略优化v3.txt,依赖ML库策略; ETF策略; 期货/股指策略; 分钟级/日内策略; 依赖文件资源策略,是,是,是,是,分钟级,ETF,单账户,pandas; talib; statsmodels; numpy,255,valid,
74 趋势筛选后相关性最小etf轮动.txt,/Users/yuping/Downloads/git/jk2bt-main/jkcode/jkcode/74 趋势筛选后相关性最小etf轮动.txt,依赖ML库策略; ETF策略; 期货/股指策略,是,是,是,否,日线,ETF,单账户,pandas; numpy,151,valid,
74 迪马克TD趋势反转指标.txt,/Users/yuping/Downloads/git/jk2bt-main/jkcode/jkcode/74 迪马克TD趋势反转指标.txt,多账户/子账户策略; 依赖文件资源策略; 期货/股指策略,是,否,否,是,日线,期货/股指,多账户,,300,missing_api,missing_api
75 ETF轮动策略-入门2.0.txt,/Users/yuping/Downloads/git/jk2bt-main/jkcode/jkcode/75 ETF轮动策略-入门2.0.txt,依赖ML库策略; ETF策略; 期货/股指策略,是,是,是,否,日线,ETF,单账户,numpy,395,valid,
75 勾股神器2，代码40行，年化一百点。.txt,/Users/yuping/Downloads/git/jk2bt-main/jkcode/jkcode/75 勾股神器2，代码40行，年化一百点。.txt,依赖ML库策略; 期货/股指策略,是,是,是,否,日线,期货/股指,单账户,talib; numpy,46,valid,
75 大市值价值投资优化一波.txt,/Users/yuping/Downloads/git/jk2bt-main/jkcode/jkcode/75 大市值价值投资优化一波.txt,ETF策略; 依赖文件资源策略; 期货/股指策略,是,是,否,是,日线,ETF,单账户,,199,valid,
75 最近2年年化100%以上回撤12%的打板策略-验证策略.txt,/Users/yuping/Downloads/git/jk2bt-main/jkcode/jkcode/75 最近2年年化100%以上回撤12%的打板策略-验证策略.txt,分钟级/日内策略; 多账户/子账户策略; 依赖文件资源策略; 期货/股指策略,是,是,否,是,分钟级,期货/股指,多账户,,216,valid,
75 配套资料说明.txt,/Users/yuping/Downloads/git/jk2bt-main/jkcode/jkcode/75 配套资料说明.txt,研究说明/非策略文档; 期货/股指策略,否,否,否,否,日线,期货/股指,单账户,,29,not_strategy,非策略文件（研究文档/配套资料）
76 ETF-控制回撤性能拉满（国债ETF增强）.txt,/Users/yuping/Downloads/git/jk2bt-main/jkcode/jkcode/76 ETF-控制回撤性能拉满（国债ETF增强）.txt,依赖ML库策略; ETF策略; 依赖文件资源策略; 期货/股指策略,是,是,是,是,日线,ETF,单账户,pandas; talib; numpy,161,valid,
76 ETF基金溢价高收益低回测策略 改进版.txt,/Users/yuping/Downloads/git/jk2bt-main/jkcode/jkcode/76 ETF基金溢价高收益低回测策略 改进版.txt,依赖ML库策略; ETF策略; 分钟级/日内策略; 期货/股指策略,是,是,是,否,分钟级,ETF,单账户,talib,242,valid,
76 小市值止损策略【年化104.11% 最大回撤30.65%】.txt,/Users/yuping/Downloads/git/jk2bt-main/jkcode/jkcode/76 小市值止损策略【年化104.11% 最大回撤30.65%】.txt,依赖ML库策略; ETF策略; 期货/股指策略,是,是,是,否,日线,ETF,单账户,pandas; numpy,296,valid,
76 日内交易策略R-breaker.txt,/Users/yuping/Downloads/git/jk2bt-main/jkcode/jkcode/76 日内交易策略R-breaker.txt,依赖ML库策略; 分钟级/日内策略; 依赖文件资源策略; 期货/股指策略,是,是,是,是,分钟级,期货/股指,单账户,pandas; numpy,127,valid,
76 机器学习策略分享.txt,/Users/yuping/Downloads/git/jk2bt-main/jkcode/jkcode/76 机器学习策略分享.txt,研究说明/非策略文档; 依赖ML库策略; 依赖文件资源策略; 期货/股指策略,否,是,是,是,日线,期货/股指,单账户,sklearn; pandas; talib,382,valid,
77 研报三因子II-新规高分红小市值-年化60回撤19.txt,/Users/yuping/Downloads/git/jk2bt-main/jkcode/jkcode/77 研报三因子II-新规高分红小市值-年化60回撤19.txt,依赖ML库策略; 期货/股指策略,是,是,是,否,日线,期货/股指,单账户,pandas,238,valid,
77 致敬市场（2）——随机选股.txt,/Users/yuping/Downloads/git/jk2bt-main/jkcode/jkcode/77 致敬市场（2）——随机选股.txt,依赖ML库策略; 期货/股指策略,是,是,是,否,日线,期货/股指,单账户,pandas; numpy,57,valid,
77 超强单因子策略（EBITEV）.txt,/Users/yuping/Downloads/git/jk2bt-main/jkcode/jkcode/77 超强单因子策略（EBITEV）.txt,依赖ML库策略; 依赖文件资源策略; 期货/股指策略,是,是,是,是,日线,期货/股指,单账户,pandas,173,valid,
77 配套资料说明.txt,/Users/yuping/Downloads/git/jk2bt-main/jkcode/jkcode/77 配套资料说明.txt,股票策略; 研究说明/非策略文档,否,否,否,否,日线,股票,单账户,,10,not_strategy,非策略文件（研究文档/配套资料）
77 龙头弱转强战法.txt,/Users/yuping/Downloads/git/jk2bt-main/jkcode/jkcode/77 龙头弱转强战法.txt,依赖文件资源策略; 期货/股指策略,是,是,否,是,日线,期货/股指,单账户,,250,valid,
78 ffscore选股加rsrs择时.txt,/Users/yuping/Downloads/git/jk2bt-main/jkcode/jkcode/78 ffscore选股加rsrs择时.txt,依赖ML库策略; 依赖文件资源策略; 期货/股指策略,是,是,是,是,日线,期货/股指,单账户,pandas; numpy,541,valid,
78 【基金增强思考2.0】优秀基金的持续性与周期的关系密不可分.txt,/Users/yuping/Downloads/git/jk2bt-main/jkcode/jkcode/78 【基金增强思考2.0】优秀基金的持续性与周期的关系密不可分.txt,多账户/子账户策略; 期货/股指策略,是,是,否,否,日线,期货/股指,多账户,,129,valid,
78 国盛多因子系列选股体系和基于Lasso的收益预测模型策略（9大类共59个因子）.txt,/Users/yuping/Downloads/git/jk2bt-main/jkcode/jkcode/78 国盛多因子系列选股体系和基于Lasso的收益预测模型策略（9大类共59个因子）.txt,依赖ML库策略; 依赖文件资源策略; 期货/股指策略,是,是,是,是,日线,期货/股指,单账户,pandas; numpy,259,valid,
78 首板低开策略-终极版 最大回撤15%，年化50%.txt,/Users/yuping/Downloads/git/jk2bt-main/jkcode/jkcode/78 首板低开策略-终极版 最大回撤15%，年化50%.txt,依赖ML库策略; 期货/股指策略,是,是,是,否,日线,期货/股指,单账户,pandas,398,valid,
79 EPS+MS因子的大盘蓝筹策略.txt,/Users/yuping/Downloads/git/jk2bt-main/jkcode/jkcode/79 EPS+MS因子的大盘蓝筹策略.txt,依赖ML库策略; 期货/股指策略,是,是,是,否,日线,期货/股指,单账户,pandas; numpy,247,valid,
79 【多因子选股模型框架】(单因子各项指标评分细则).txt,/Users/yuping/Downloads/git/jk2bt-main/jkcode/jkcode/79 【多因子选股模型框架】(单因子各项指标评分细则).txt,依赖ML库策略; 依赖文件资源策略; 期货/股指策略,是,是,是,是,日线,期货/股指,单账户,pandas; numpy,131,valid,
79 南澳 SVR选股的小市值策略.txt,/Users/yuping/Downloads/git/jk2bt-main/jkcode/jkcode/79 南澳 SVR选股的小市值策略.txt,依赖ML库策略; 期货/股指策略,是,是,是,否,日线,期货/股指,单账户,sklearn; pandas; numpy,262,valid,
79 南澳推荐配套的随机森林选股的小市值策略.txt,/Users/yuping/Downloads/git/jk2bt-main/jkcode/jkcode/79 南澳推荐配套的随机森林选股的小市值策略.txt,研究说明/非策略文档; 依赖ML库策略; 期货/股指策略,否,是,是,否,日线,期货/股指,单账户,sklearn; pandas; numpy,256,valid,
79 国九条-新的红利因子，修正「审计意见」函数.txt,/Users/yuping/Downloads/git/jk2bt-main/jkcode/jkcode/79 国九条-新的红利因子，修正「审计意见」函数.txt,依赖ML库策略; ETF策略; 期货/股指策略,是,是,是,否,日线,ETF,单账户,pandas; numpy,497,valid,
79 实盘一周50%的妖股探测器.txt,/Users/yuping/Downloads/git/jk2bt-main/jkcode/jkcode/79 实盘一周50%的妖股探测器.txt,依赖ML库策略; ETF策略; 分钟级/日内策略; 期货/股指策略,是,是,是,否,分钟级,ETF,单账户,numpy,485,valid,
80 【深度解析 一】经典小市值深度研究模型.txt,/Users/yuping/Downloads/git/jk2bt-main/jkcode/jkcode/80 【深度解析 一】经典小市值深度研究模型.txt,研究说明/非策略文档; 分钟级/日内策略; 依赖文件资源策略; 期货/股指策略,否,否,否,是,分钟级,期货/股指,单账户,,217,not_strategy,非策略文件（研究文档/配套资料）
80 公募基金抱团.txt,/Users/yuping/Downloads/git/jk2bt-main/jkcode/jkcode/80 公募基金抱团.txt,依赖文件资源策略; 期货/股指策略,是,是,否,是,日线,期货/股指,单账户,,138,valid,
80 基本面01加RSI择时.txt,/Users/yuping/Downloads/git/jk2bt-main/jkcode/jkcode/80 基本面01加RSI择时.txt,依赖ML库策略; 期货/股指策略,是,是,是,否,日线,期货/股指,单账户,pandas; talib; numpy,152,valid,
80 短线策略-2022年两个半月收益45%-无未来函数.txt,/Users/yuping/Downloads/git/jk2bt-main/jkcode/jkcode/80 短线策略-2022年两个半月收益45%-无未来函数.txt,依赖ML库策略; 期货/股指策略,是,是,是,否,日线,期货/股指,单账户,numpy,297,valid,
80 过滤两个因子，12年15倍的roa选股500指数增强.txt,/Users/yuping/Downloads/git/jk2bt-main/jkcode/jkcode/80 过滤两个因子，12年15倍的roa选股500指数增强.txt,依赖ML库策略; 期货/股指策略,是,是,是,否,日线,期货/股指,单账户,pandas; talib; numpy,548,valid,
81 低PB小市值低换手策略总结.txt,/Users/yuping/Downloads/git/jk2bt-main/jkcode/jkcode/81 低PB小市值低换手策略总结.txt,研究说明/非策略文档; 依赖ML库策略; 期货/股指策略,否,是,是,否,日线,期货/股指,单账户,pandas; statsmodels; numpy,106,valid,
81 搞市场最靓的仔！指数ETF动量轮动策略-2.txt,/Users/yuping/Downloads/git/jk2bt-main/jkcode/jkcode/81 搞市场最靓的仔！指数ETF动量轮动策略-2.txt,ETF策略; 分钟级/日内策略; 依赖文件资源策略; 期货/股指策略,是,是,否,是,分钟级,ETF,单账户,,142,valid,
81 无杠杆，稳定盈利的etf轮动.txt,/Users/yuping/Downloads/git/jk2bt-main/jkcode/jkcode/81 无杠杆，稳定盈利的etf轮动.txt,依赖ML库策略; ETF策略; 分钟级/日内策略; 期货/股指策略,是,是,是,否,分钟级,ETF,单账户,pandas; talib,249,valid,
81 配套资料说明.txt,/Users/yuping/Downloads/git/jk2bt-main/jkcode/jkcode/81 配套资料说明.txt,研究说明/非策略文档; 期货/股指策略,否,否,否,否,日线,期货/股指,单账户,,5,not_strategy,非策略文件（研究文档/配套资料）
82 低频，带基本面优化，带风控的，实盘模拟的小盘股策略.txt,/Users/yuping/Downloads/git/jk2bt-main/jkcode/jkcode/82 低频，带基本面优化，带风控的，实盘模拟的小盘股策略.txt,依赖ML库策略; 期货/股指策略,是,是,是,否,日线,期货/股指,单账户,pandas; talib; numpy,428,valid,
82 回报社区——基于Gyro老师策略的思考.txt,/Users/yuping/Downloads/git/jk2bt-main/jkcode/jkcode/82 回报社区——基于Gyro老师策略的思考.txt,期货/股指策略,是,是,否,否,日线,期货/股指,单账户,,84,valid,
82 无需先验知识，动态选择的etf轮动策略，更具鲁棒性.txt,/Users/yuping/Downloads/git/jk2bt-main/jkcode/jkcode/82 无需先验知识，动态选择的etf轮动策略，更具鲁棒性.txt,依赖ML库策略; ETF策略; 分钟级/日内策略; 期货/股指策略,是,是,是,否,分钟级,ETF,单账户,pandas; talib,297,valid,
83 回测“一创模拟盘2号”，最终改造优化，年化39%.txt,/Users/yuping/Downloads/git/jk2bt-main/jkcode/jkcode/83 回测“一创模拟盘2号”，最终改造优化，年化39%.txt,依赖ML库策略; 分钟级/日内策略; 依赖文件资源策略; 期货/股指策略,是,是,是,是,分钟级,期货/股指,单账户,pandas; numpy,363,valid,
83 大小外择时小市值.txt,/Users/yuping/Downloads/git/jk2bt-main/jkcode/jkcode/83 大小外择时小市值.txt,依赖ML库策略; ETF策略; 期货/股指策略,是,是,是,否,日线,ETF,单账户,pandas; talib; numpy,485,valid,
83 开盘幅度决定日内方向.txt,/Users/yuping/Downloads/git/jk2bt-main/jkcode/jkcode/83 开盘幅度决定日内方向.txt,分钟级/日内策略; 依赖文件资源策略; 期货/股指策略,是,是,否,是,分钟级,期货/股指,单账户,,77,valid,
84 ETF网格交易策略.txt,/Users/yuping/Downloads/git/jk2bt-main/jkcode/jkcode/84 ETF网格交易策略.txt,ETF策略; 分钟级/日内策略; 依赖文件资源策略; 期货/股指策略,是,是,否,是,分钟级,ETF,单账户,,74,valid,
84 多大规模的基金收益最好？偏股基金规模研究.txt,/Users/yuping/Downloads/git/jk2bt-main/jkcode/jkcode/84 多大规模的基金收益最好？偏股基金规模研究.txt,研究说明/非策略文档; 多账户/子账户策略; 依赖ML库策略; 期货/股指策略,否,否,是,否,日线,期货/股指,多账户,pandas; numpy,234,not_strategy,非策略文件（研究文档/配套资料）
84 正黄旗大妈选股改进-加入涨停卖出后的买入，提高资金利用率.txt,/Users/yuping/Downloads/git/jk2bt-main/jkcode/jkcode/84 正黄旗大妈选股改进-加入涨停卖出后的买入，提高资金利用率.txt,依赖ML库策略; 期货/股指策略,是,是,是,否,日线,期货/股指,单账户,pandas,234,valid,
84 配套资料说明.txt,/Users/yuping/Downloads/git/jk2bt-main/jkcode/jkcode/84 配套资料说明.txt,股票策略; 研究说明/非策略文档,否,否,否,否,日线,股票,单账户,,8,not_strategy,非策略文件（研究文档/配套资料）
84 韶华研究之一，布林突破+均线金叉，四年五倍.txt,/Users/yuping/Downloads/git/jk2bt-main/jkcode/jkcode/84 韶华研究之一，布林突破+均线金叉，四年五倍.txt,研究说明/非策略文档; 依赖文件资源策略; 期货/股指策略,否,否,否,是,日线,期货/股指,单账户,,580,not_strategy,非策略文件（研究文档/配套资料）
85 【深度解析 七】BBI指标-大盘涨跌-宽基轮动 模型.txt,/Users/yuping/Downloads/git/jk2bt-main/jkcode/jkcode/85 【深度解析 七】BBI指标-大盘涨跌-宽基轮动 模型.txt,研究说明/非策略文档; ETF策略; 依赖ML库策略; 期货/股指策略,否,是,是,否,日线,ETF,单账户,numpy,365,valid,
85 价值策略重开，再次向Jqz1226致敬.txt,/Users/yuping/Downloads/git/jk2bt-main/jkcode/jkcode/85 价值策略重开，再次向Jqz1226致敬.txt,依赖ML库策略; 研究说明/非策略文档; ETF策略; 期货/股指策略; 多账户/子账户策略; 依赖文件资源策略,否,否,是,是,日线,ETF,多账户,pandas; scipy; statsmodels; numpy,889,syntax_error,语法错误: inconsistent use of tabs and spaces in indentation (行 137)
85 易方达中小盘（魔改版）.txt,/Users/yuping/Downloads/git/jk2bt-main/jkcode/jkcode/85 易方达中小盘（魔改版）.txt,多账户/子账户策略; 依赖文件资源策略; 期货/股指策略,是,是,否,是,日线,期货/股指,多账户,,87,valid,
85 稳健型ETF策略.txt,/Users/yuping/Downloads/git/jk2bt-main/jkcode/jkcode/85 稳健型ETF策略.txt,依赖ML库策略; ETF策略; 期货/股指策略,是,是,是,否,日线,ETF,单账户,pandas; numpy,165,valid,
85 致敬市场(1)，探讨指数化策略投资.txt,/Users/yuping/Downloads/git/jk2bt-main/jkcode/jkcode/85 致敬市场(1)，探讨指数化策略投资.txt,研究说明/非策略文档; 依赖ML库策略; 期货/股指策略,否,是,是,否,日线,期货/股指,单账户,pandas,101,valid,
86 北上詹姆斯.txt,/Users/yuping/Downloads/git/jk2bt-main/jkcode/jkcode/86 北上詹姆斯.txt,依赖ML库策略; 依赖文件资源策略; 期货/股指策略,是,是,是,是,日线,期货/股指,单账户,pandas; numpy,96,valid,
86 手把手教你构建ETF策略候选池优化版.txt,/Users/yuping/Downloads/git/jk2bt-main/jkcode/jkcode/86 手把手教你构建ETF策略候选池优化版.txt,研究说明/非策略文档; ETF策略; 依赖ML库策略; 期货/股指策略,否,否,是,否,日线,ETF,单账户,sklearn; pandas; torch,110,not_strategy,无策略函数定义
86 最新解密--追涨龙头打板策略.txt,/Users/yuping/Downloads/git/jk2bt-main/jkcode/jkcode/86 最新解密--追涨龙头打板策略.txt,多账户/子账户策略; 依赖文件资源策略; 期货/股指策略,是,是,否,是,日线,期货/股指,多账户,,300,valid,
86 预判st并过滤避雷代码 740（50只）.txt,/Users/yuping/Downloads/git/jk2bt-main/jkcode/jkcode/86 预判st并过滤避雷代码 740（50只）.txt,依赖ML库策略; 期货/股指策略,是,是,是,否,日线,期货/股指,单账户,pandas,371,valid,
87 【基本面三角3.0】看过之前策略的就略过吧.txt,/Users/yuping/Downloads/git/jk2bt-main/jkcode/jkcode/87 【基本面三角3.0】看过之前策略的就略过吧.txt,研究说明/非策略文档; 依赖ML库策略; 依赖文件资源策略; 期货/股指策略,否,否,是,是,日线,期货/股指,单账户,sklearn; talib,412,no_initialize,no_initialize
87 北上净买入策略.txt,/Users/yuping/Downloads/git/jk2bt-main/jkcode/jkcode/87 北上净买入策略.txt,分钟级/日内策略; 期货/股指策略,是,是,否,否,分钟级,期货/股指,单账户,,146,valid,
87 山寨每月轮动调仓的红利策略.txt,/Users/yuping/Downloads/git/jk2bt-main/jkcode/jkcode/87 山寨每月轮动调仓的红利策略.txt,依赖ML库策略; 期货/股指策略,是,是,是,否,日线,期货/股指,单账户,pandas; numpy,106,valid,
87 山寨红利.txt,/Users/yuping/Downloads/git/jk2bt-main/jkcode/jkcode/87 山寨红利.txt,依赖ML库策略; 期货/股指策略,是,是,是,否,日线,期货/股指,单账户,pandas; numpy,105,valid,
87 穿越牛熊基业长青的价值精选策略.txt,/Users/yuping/Downloads/git/jk2bt-main/jkcode/jkcode/87 穿越牛熊基业长青的价值精选策略.txt,依赖ML库策略; 依赖文件资源策略; 期货/股指策略,是,是,是,是,日线,期货/股指,单账户,pandas; numpy,298,valid,
88 WY大神的“龙头打板”策略小改.txt,/Users/yuping/Downloads/git/jk2bt-main/jkcode/jkcode/88 WY大神的“龙头打板”策略小改.txt,依赖ML库策略; 分钟级/日内策略; 期货/股指策略,是,是,是,否,分钟级,期货/股指,单账户,pandas,481,valid,
88 【股指期货】收盘折溢价策略.txt,/Users/yuping/Downloads/git/jk2bt-main/jkcode/jkcode/88 【股指期货】收盘折溢价策略.txt,多账户/子账户策略; 依赖文件资源策略; 期货/股指策略,是,是,否,是,日线,期货/股指,多账户,,196,valid,
88 基于动量因子的ETF轮动加上RSRS择时.txt,/Users/yuping/Downloads/git/jk2bt-main/jkcode/jkcode/88 基于动量因子的ETF轮动加上RSRS择时.txt,依赖ML库策略; ETF策略; 分钟级/日内策略; 期货/股指策略,是,是,是,否,分钟级,ETF,单账户,numpy,169,valid,
88 打首板策略，今年收益达到40%，绝无未来函数.txt,/Users/yuping/Downloads/git/jk2bt-main/jkcode/jkcode/88 打首板策略，今年收益达到40%，绝无未来函数.txt,分钟级/日内策略; 依赖文件资源策略; 期货/股指策略,是,是,否,是,分钟级,期货/股指,单账户,,336,valid,
88 韶华研究之十六，指数增强.txt,/Users/yuping/Downloads/git/jk2bt-main/jkcode/jkcode/88 韶华研究之十六，指数增强.txt,研究说明/非策略文档; 依赖ML库策略; 依赖文件资源策略; 期货/股指策略,否,否,是,是,日线,期货/股指,单账户,sklearn; pandas; scipy; numpy,459,not_strategy,非策略文件（研究文档/配套资料）
89 2020年效果很好的策略-龙回头策略v3.0.txt,/Users/yuping/Downloads/git/jk2bt-main/jkcode/jkcode/89 2020年效果很好的策略-龙回头策略v3.0.txt,期货/股指策略,是,是,否,否,日线,期货/股指,单账户,,172,valid,
89 基于Gyro^.^大神的小市值策略的因子匹配研究.txt,/Users/yuping/Downloads/git/jk2bt-main/jkcode/jkcode/89 基于Gyro^.^大神的小市值策略的因子匹配研究.txt,研究说明/非策略文档; 依赖ML库策略; 期货/股指策略,否,否,是,否,日线,期货/股指,单账户,pandas,173,not_strategy,非策略文件（研究文档/配套资料）
89 年化收益55.7%， 超高胜率 0.799！.txt,/Users/yuping/Downloads/git/jk2bt-main/jkcode/jkcode/89 年化收益55.7%， 超高胜率 0.799！.txt,研究说明/非策略文档; 多账户/子账户策略; 依赖ML库策略; 期货/股指策略,否,否,是,否,日线,期货/股指,多账户,pandas; talib; scipy; statsmodels; numpy,1054,syntax_error,语法错误: Missing parentheses in call to 'print'. Did you mean print(max_stock)? (行 187)
89 韶华研究之二，顺势而为，年化140.txt,/Users/yuping/Downloads/git/jk2bt-main/jkcode/jkcode/89 韶华研究之二，顺势而为，年化140.txt,研究说明/非策略文档; 依赖ML库策略; 依赖文件资源策略; 期货/股指策略,否,否,是,是,日线,期货/股指,单账户,pandas,336,not_strategy,非策略文件（研究文档/配套资料）
90 2019年到现在19倍的新策略.txt,/Users/yuping/Downloads/git/jk2bt-main/jkcode/jkcode/90 2019年到现在19倍的新策略.txt,分钟级/日内策略; 依赖文件资源策略; 期货/股指策略,是,是,否,是,分钟级,期货/股指,单账户,,103,valid,
90 国债固收+.txt,/Users/yuping/Downloads/git/jk2bt-main/jkcode/jkcode/90 国债固收+.txt,依赖ML库策略; 期货/股指策略,是,是,是,否,日线,期货/股指,单账户,pandas; scipy; numpy,48,valid,
90 大师策略——柯林·麦克连成长价值优势投资法.txt,/Users/yuping/Downloads/git/jk2bt-main/jkcode/jkcode/90 大师策略——柯林·麦克连成长价值优势投资法.txt,分钟级/日内策略; 依赖文件资源策略; 期货/股指策略,是,是,否,是,分钟级,期货/股指,单账户,,259,valid,
90 超稳+翻倍，贝塔值只有0.048的期指策略.txt,/Users/yuping/Downloads/git/jk2bt-main/jkcode/jkcode/90 超稳+翻倍，贝塔值只有0.048的期指策略.txt,依赖ML库策略; ETF策略; 期货/股指策略; 分钟级/日内策略; 多账户/子账户策略; 依赖文件资源策略,是,否,是,是,分钟级,ETF,多账户,pandas; talib; numpy,405,missing_api,missing_api
90 配套资料说明.txt,/Users/yuping/Downloads/git/jk2bt-main/jkcode/jkcode/90 配套资料说明.txt,股票策略; 研究说明/非策略文档,否,否,否,否,日线,股票,单账户,,7,not_strategy,非策略文件（研究文档/配套资料）
91 ETF-T0动量策略，年化 18%，回撤3.31%.txt,/Users/yuping/Downloads/git/jk2bt-main/jkcode/jkcode/91 ETF-T0动量策略，年化 18%，回撤3.31%.txt,ETF策略; 分钟级/日内策略; 依赖文件资源策略; 期货/股指策略,是,是,否,是,分钟级,ETF,单账户,,87,valid,
91 一个月轮动股票换仓，内日做T，相对高频交易.txt,/Users/yuping/Downloads/git/jk2bt-main/jkcode/jkcode/91 一个月轮动股票换仓，内日做T，相对高频交易.txt,依赖ML库策略; 分钟级/日内策略; 期货/股指策略,是,是,是,否,分钟级,期货/股指,单账户,pandas; numpy,472,valid,
91 欧奈尔 RPS选股战法回测b.txt,/Users/yuping/Downloads/git/jk2bt-main/jkcode/jkcode/91 欧奈尔 RPS选股战法回测b.txt,依赖ML库策略; 依赖文件资源策略; 期货/股指策略,是,是,是,是,日线,期货/股指,单账户,pandas; talib; numpy,163,valid,
91 配套资料说明.txt,/Users/yuping/Downloads/git/jk2bt-main/jkcode/jkcode/91 配套资料说明.txt,股票策略; 研究说明/非策略文档,否,否,否,否,日线,股票,单账户,,8,not_strategy,非策略文件（研究文档/配套资料）
92 敢于直接实盘的—八仙过海V2.txt,/Users/yuping/Downloads/git/jk2bt-main/jkcode/jkcode/92 敢于直接实盘的—八仙过海V2.txt,依赖ML库策略; ETF策略; 依赖文件资源策略; 期货/股指策略,是,是,是,是,日线,ETF,单账户,pandas; talib,260,valid,
92 致敬市场--4 解析细节.txt,/Users/yuping/Downloads/git/jk2bt-main/jkcode/jkcode/92 致敬市场--4 解析细节.txt,研究说明/非策略文档; 依赖ML库策略; 依赖文件资源策略; 期货/股指策略,否,是,是,是,日线,期货/股指,单账户,pandas,115,valid,
92 行业宽度轮动研究.txt,/Users/yuping/Downloads/git/jk2bt-main/jkcode/jkcode/92 行业宽度轮动研究.txt,研究说明/非策略文档; 依赖ML库策略; 期货/股指策略,否,否,是,否,日线,期货/股指,单账户,pandas; talib; numpy,266,not_strategy,非策略文件（研究文档/配套资料）
92 配套资料说明.txt,/Users/yuping/Downloads/git/jk2bt-main/jkcode/jkcode/92 配套资料说明.txt,股票策略; 研究说明/非策略文档,否,否,否,否,日线,股票,单账户,,8,not_strategy,非策略文件（研究文档/配套资料）
93 234板介入-2023年14倍-无未来.txt,/Users/yuping/Downloads/git/jk2bt-main/jkcode/jkcode/93 234板介入-2023年14倍-无未来.txt,依赖ML库策略; 分钟级/日内策略; 期货/股指策略,是,是,是,否,分钟级,期货/股指,单账户,pandas,938,valid,
93 【超跌反弹v1.0】3年2.3倍的超跌反弹小牛股.txt,/Users/yuping/Downloads/git/jk2bt-main/jkcode/jkcode/93 【超跌反弹v1.0】3年2.3倍的超跌反弹小牛股.txt,依赖ML库策略; 分钟级/日内策略; 依赖文件资源策略; 期货/股指策略,是,是,是,是,分钟级,期货/股指,单账户,talib,220,valid,
93 北向Boll带_ETF组合宝付费策略.txt,/Users/yuping/Downloads/git/jk2bt-main/jkcode/jkcode/93 北向Boll带_ETF组合宝付费策略.txt,依赖ML库策略; ETF策略; 期货/股指策略; 分钟级/日内策略; 依赖文件资源策略,是,是,是,是,分钟级,ETF,单账户,pandas; talib,377,valid,
93 因子看板多因子模型---由量化课堂多因子模型修改.txt,/Users/yuping/Downloads/git/jk2bt-main/jkcode/jkcode/93 因子看板多因子模型---由量化课堂多因子模型修改.txt,依赖ML库策略; 期货/股指策略,是,是,是,否,日线,期货/股指,单账户,pandas; numpy,310,valid,
93 配套资料说明.txt,/Users/yuping/Downloads/git/jk2bt-main/jkcode/jkcode/93 配套资料说明.txt,研究说明/非策略文档,否,否,否,否,日线,股票,单账户,,8,not_strategy,非策略文件（研究文档/配套资料）
94 别人“拿的住”的股票最赚钱.txt,/Users/yuping/Downloads/git/jk2bt-main/jkcode/jkcode/94 别人“拿的住”的股票最赚钱.txt,分钟级/日内策略; 依赖文件资源策略; 期货/股指策略,是,是,否,是,分钟级,期货/股指,单账户,,88,valid,
94 小资金短线策略.txt,/Users/yuping/Downloads/git/jk2bt-main/jkcode/jkcode/94 小资金短线策略.txt,依赖ML库策略; 期货/股指策略,是,是,是,否,日线,期货/股指,单账户,pandas; numpy,77,valid,
94 布林线追龙头战法.txt,/Users/yuping/Downloads/git/jk2bt-main/jkcode/jkcode/94 布林线追龙头战法.txt,依赖文件资源策略; 期货/股指策略,是,是,否,是,日线,期货/股指,单账户,,158,valid,
94 配套资料说明.txt,/Users/yuping/Downloads/git/jk2bt-main/jkcode/jkcode/94 配套资料说明.txt,股票策略; 研究说明/非策略文档,否,否,否,否,日线,股票,单账户,,8,not_strategy,非策略文件（研究文档/配套资料）
95 冲天炮最高板策略迭代.txt,/Users/yuping/Downloads/git/jk2bt-main/jkcode/jkcode/95 冲天炮最高板策略迭代.txt,依赖ML库策略; 分钟级/日内策略; 依赖文件资源策略; 期货/股指策略,是,是,是,是,分钟级,期货/股指,单账户,sklearn,232,valid,
95 学习贴《一个完整的-深度学习-神经网络pipeline》.txt,/Users/yuping/Downloads/git/jk2bt-main/jkcode/jkcode/95 学习贴《一个完整的-深度学习-神经网络pipeline》.txt,依赖ML库策略; 研究说明/非策略文档; ETF策略; 期货/股指策略; 依赖文件资源策略,否,是,是,是,日线,ETF,单账户,sklearn; pandas; torch; numpy,242,valid,
95 配套资料说明.txt,/Users/yuping/Downloads/git/jk2bt-main/jkcode/jkcode/95 配套资料说明.txt,研究说明/非策略文档,否,否,否,否,日线,股票,单账户,,8,not_strategy,非策略文件（研究文档/配套资料）
95 首席质量因子-Gross Profitabilit（简化版）.txt,/Users/yuping/Downloads/git/jk2bt-main/jkcode/jkcode/95 首席质量因子-Gross Profitabilit（简化版）.txt,依赖文件资源策略; 期货/股指策略,是,是,否,是,日线,期货/股指,单账户,,148,valid,
96 【复现】高频价量相关性，意想不到的选股因子.txt,/Users/yuping/Downloads/git/jk2bt-main/jkcode/jkcode/96 【复现】高频价量相关性，意想不到的选股因子.txt,依赖ML库策略; 依赖文件资源策略; 期货/股指策略,是,是,是,是,日线,期货/股指,单账户,sklearn; pandas; numpy,124,valid,
96 配套资料说明.txt,/Users/yuping/Downloads/git/jk2bt-main/jkcode/jkcode/96 配套资料说明.txt,研究说明/非策略文档,否,否,否,否,日线,股票,单账户,,8,not_strategy,非策略文件（研究文档/配套资料）
96 集合竞价量比策略V1.txt,/Users/yuping/Downloads/git/jk2bt-main/jkcode/jkcode/96 集合竞价量比策略V1.txt,依赖ML库策略; 分钟级/日内策略; 期货/股指策略,是,否,是,否,分钟级,期货/股指,单账户,pandas; talib; numpy,201,missing_api,missing_api
96 首版+2版龙虎榜挖掘V2.0，年化1400.txt,/Users/yuping/Downloads/git/jk2bt-main/jkcode/jkcode/96 首版+2版龙虎榜挖掘V2.0，年化1400.txt,分钟级/日内策略; 期货/股指策略,是,是,否,否,分钟级,期货/股指,单账户,,284,valid,
97 稳定高回报周期股策略2-RSRS择时.txt,/Users/yuping/Downloads/git/jk2bt-main/jkcode/jkcode/97 稳定高回报周期股策略2-RSRS择时.txt,依赖ML库策略; 依赖文件资源策略; 期货/股指策略,是,是,是,是,日线,期货/股指,单账户,pandas; statsmodels; numpy,383,valid,
97 趋势筛选后相关性最小etf轮动-加速10倍版.txt,/Users/yuping/Downloads/git/jk2bt-main/jkcode/jkcode/97 趋势筛选后相关性最小etf轮动-加速10倍版.txt,依赖ML库策略; ETF策略; 期货/股指策略,是,是,是,否,日线,ETF,单账户,pandas; numpy,156,valid,
97 配套资料说明.txt,/Users/yuping/Downloads/git/jk2bt-main/jkcode/jkcode/97 配套资料说明.txt,研究说明/非策略文档,否,否,否,否,日线,股票,单账户,,8,not_strategy,非策略文件（研究文档/配套资料）
98 【漂亮50】“漂亮50”策略复现以及股息率排序函数.txt,/Users/yuping/Downloads/git/jk2bt-main/jkcode/jkcode/98 【漂亮50】“漂亮50”策略复现以及股息率排序函数.txt,依赖ML库策略; 期货/股指策略,是,是,是,否,日线,期货/股指,单账户,pandas; numpy,361,valid,
98 追涨大师（超额142）.txt,/Users/yuping/Downloads/git/jk2bt-main/jkcode/jkcode/98 追涨大师（超额142）.txt,依赖ML库策略; 期货/股指策略,是,是,是,否,日线,期货/股指,单账户,sklearn,189,valid,
98 配套资料说明.txt,/Users/yuping/Downloads/git/jk2bt-main/jkcode/jkcode/98 配套资料说明.txt,股票策略; 研究说明/非策略文档,否,否,否,否,日线,股票,单账户,,8,not_strategy,非策略文件（研究文档/配套资料）
98 韶华研究之六，简单不一样的发现趋势，3年6倍.txt,/Users/yuping/Downloads/git/jk2bt-main/jkcode/jkcode/98 韶华研究之六，简单不一样的发现趋势，3年6倍.txt,研究说明/非策略文档; 依赖ML库策略; 依赖文件资源策略; 期货/股指策略,否,否,是,是,日线,期货/股指,单账户,sklearn; pandas; numpy,342,not_strategy,非策略文件（研究文档/配套资料）
99 欧奈尔CANSLIM策略初探三.txt,/Users/yuping/Downloads/git/jk2bt-main/jkcode/jkcode/99 欧奈尔CANSLIM策略初探三.txt,依赖ML库策略; 分钟级/日内策略; 依赖文件资源策略; 期货/股指策略,是,是,是,是,分钟级,期货/股指,单账户,pandas; numpy,283,valid,
99 配套资料说明.txt,/Users/yuping/Downloads/git/jk2bt-main/jkcode/jkcode/99 配套资料说明.txt,研究说明/非策略文档,否,否,否,否,日线,股票,单账户,,8,not_strategy,非策略文件（研究文档/配套资料）
99 韶华研究之二十，竞价异动.txt,/Users/yuping/Downloads/git/jk2bt-main/jkcode/jkcode/99 韶华研究之二十，竞价异动.txt,依赖ML库策略; 研究说明/非策略文档; 期货/股指策略; 分钟级/日内策略; 依赖文件资源策略,否,否,是,是,分钟级,期货/股指,单账户,sklearn; pandas; numpy,316,not_strategy,非策略文件（研究文档/配套资料）
99最新龙回头5.0速度优化版+风险控制版本.txt,/Users/yuping/Downloads/git/jk2bt-main/jkcode/jkcode/99最新龙回头5.0速度优化版+风险控制版本.txt,依赖ML库策略; 分钟级/日内策略; 期货/股指策略,是,是,是,否,分钟级,期货/股指,单账户,pandas; talib; numpy,400,valid,
field_map_output.txt,/Users/yuping/Downloads/git/jk2bt-main/jkcode/jkcode/field_map_output.txt,研究说明/非策略文档; 期货/股指策略,否,否,否,否,日线,期货/股指,单账户,,295,syntax_error,语法错误: invalid syntax (行 1)
